武汉,1号线,汉口北
南京,S1号线(机场线),空港新城江宁
广州,1号线,西塱
大连,1号线,姚家
香港,迪士尼,迪士尼
武汉,1号线,滠口新城
天津,1号线,刘园
上海,1号线,莘庄
沈阳,1号线,黎明广场
成都,1号线(五根松-韦家碾),五根松
杭州,1号线,湘湖
北京,S1线,苹果园
苏州,1号线,木渎
昆明,1号线(环城南路-大学城南),环城南路
长春,1号线,北环城路
南京,S1号线(机场线),禄口机场
重庆,1号线,朝天门
深圳,1号线/罗宝线,罗湖
宁波,1号线,霞浦
无锡,S1线,堰桥
福州,1号线,象峰
佛山,南海有轨电车1号线,礌岗
南昌,1号线,双港
青岛,1号线,东郭庄
广州,1号线,坑口
西安,1号线,咸阳西站
大连,1号线,大连北站
郑州,1号线,河南工业大学
合肥,1号线,九联圩
东莞,2号线,东莞火车站
东莞,2号线,茶山
乌鲁木齐,1号线,国际机场
厦门,1号线,镇海路
香港,迪士尼,欣澳
贵阳,1号线,小孟工业园
南宁,1号线,火车东站
温州,S1线,桐岭
长沙,1号线,金盆丘(铜官窑巴士站)
济南,1号线,方特
武汉,1号线,滕子岗
天津,1号线,瑞景新苑
上海,1号线,外环路
沈阳,1号线,滂江街
成都,1号线(五根松-韦家碾),广都
杭州,1号线,滨康路
北京,S1线,金安桥
苏州,1号线,金枫路
昆明,1号线(环城南路-大学城南),昆明火车站
长春,1号线,庆丰路
南京,S1号线(机场线),翔宇路南
重庆,1号线,小什字
深圳,1号线/罗宝线,国贸
宁波,1号线,长江路
无锡,S1线,马镇
哈尔滨,1号线,新疆大街
福州,1号线,秀山
佛山,南海有轨电车1号线,华翠路
南昌,1号线,孔目湖
青岛,1号线,沟岔
呼和浩特,1号线,伊利健康谷
广州,1号线,花地湾
常州,1号线,森林公园
西安,1号线,宝泉路
徐州,1号线,路窝
大连,1号线,华北路
郑州,1号线,郑大科技园
兰州,1号线,陈官营
合肥,1号线,丙子铺
石家庄,1号线,西王
太原,2号线,尖草坪
东莞,2号线,榴花公园
乌鲁木齐,1号线,大地窝堡
洛阳,1号线,红山
厦门,1号线,中山公园
香港,东铁线(落馬洲-金钟),金钟
贵阳,1号线,清水江路
南宁,1号线,佛子岭
温州,S1线,潘桥
长沙,1号线,金霞
济南,1号线,济南西站
武汉,1号线,堤角
天津,1号线,佳园里
上海,1号线,莲花路
沈阳,1号线,东中街
成都,1号线(五根松-韦家碾),四河
杭州,1号线,西兴
北京,S1线,四道桥
苏州,1号线,汾湖路
昆明,1号线(环城南路-大学城南),福德
长春,1号线,一匡街
南京,S1号线(机场线),翔宇路北
重庆,1号线,较场口
深圳,1号线/罗宝线,老街
宁波,1号线,中河路
无锡,S1线,青阳
哈尔滨,1号线,渤海路
福州,1号线,罗汉山
佛山,南海有轨电车1号线,夏西
南昌,1号线,长江路
青岛,1号线,农业大学
呼和浩特,1号线,西二环路
广州,1号线,芳村
常州,1号线,新龙
西安,1号线,中华西路
徐州,1号线,杏山子
大连,1号线,华南北
郑州,1号线,郑州大学
兰州,1号线,奥体中心
合肥,1号线,万年埠
石家庄,1号线,时光街
太原,2号线,涧河
东莞,2号线,下桥
乌鲁木齐,1号线,宣仁墩
洛阳,1号线,谷水
厦门,1号线,将军祠
香港,东铁线(落馬洲-金钟),会展
贵阳,1号线,长江路
南宁,1号线,百花岭
温州,S1线,动车南站
长沙,1号线,鹅羊山
济南,1号线,大杨
武汉,1号线,新荣
天津,1号线,本溪路
上海,1号线,锦江乐园
沈阳,1号线,中街
成都,1号线(五根松-韦家碾),华府大道
杭州,1号线,滨和路
北京,S1线,桥户营
苏州,1号线,玉山路
昆明,1号线(环城南路-大学城南),日新路
长春,1号线,长春站北
南京,S1号线(机场线),正方中路
重庆,1号线,七星岗
深圳,1号线/罗宝线,大剧院
宁波,1号线,松花江路
无锡,S1线,峭岐
哈尔滨,1号线,镜泊路
福州,1号线,福州火车站
佛山,南海有轨电车1号线,夏东
南昌,1号线,珠江路
青岛,1号线,正阳中路
呼和浩特,1号线,孔家营
广州,1号线,黄沙
常州,1号线,旅游学校
西安,1号线,安谷
徐州,1号线,韩山
大连,1号线,华南广场
郑州,1号线,梧桐街
兰州,1号线,兰州城市学院(省科技馆)
合肥,1号线,万达城
石家庄,1号线,长城桥
太原,2号线,胜利街
东莞,2号线,天宝
乌鲁木齐,1号线,三工
洛阳,1号线,秦岭路
厦门,1号线,文灶
香港,东铁线(落馬洲-金钟),红磡
贵阳,1号线,珠江路
南宁,1号线,埌东客运站
温州,S1线,新桥
长沙,1号线,秀峰山
济南,1号线,王府庄
武汉,1号线,丹水池
天津,1号线,勤俭道
上海,1号线,上海南站
沈阳,1号线,怀远门
成都,1号线(五根松-韦家碾),天府五街
杭州,1号线,江陵路
北京,S1线,上岸
苏州,1号线,狮子山
昆明,1号线(环城南路-大学城南),巫家坝
长春,1号线,长春站
南京,S1号线(机场线),吉印大道
重庆,1号线,两路口
深圳,1号线/罗宝线,科学馆
宁波,1号线,大碶
无锡,S1线,南闸
哈尔滨,1号线,镜泊路
福州,1号线,斗门
佛山,南海有轨电车1号线,康怡公园
南昌,1号线,庐山南大道
青岛,1号线,小寨子
呼和浩特,1号线,呼钢南路
广州,1号线,长寿路
常州,1号线,新桥
西安,1号线,陈杨寨
徐州,1号线,工农路
大连,1号线,千山路
郑州,1号线,兰寨
兰州,1号线,兰州海关
合肥,1号线,云谷路
石家庄,1号线,和平医院
太原,2号线,大北门
东莞,2号线,东城
乌鲁木齐,1号线,迎宾路口
洛阳,1号线,武汉路
厦门,1号线,湖滨东路
香港,东铁线(落馬洲-金钟),旺角东
贵阳,1号线,望城坡
南宁,1号线,凤岭
温州,S1线,德政
长沙,1号线,宿龙桥
济南,1号线,玉符河
武汉,1号线,徐州新村
天津,1号线,洪湖里
上海,1号线,漕宝路
沈阳,1号线,青年大街
成都,1号线(五根松-韦家碾),天府三街
杭州,1号线,近江
北京,S1线,栗园庄
苏州,1号线,塔园路
昆明,1号线(环城南路-大学城南),昌宏西路
长春,1号线,胜利公园
南京,S1号线(机场线),河海大学·佛城西路
重庆,1号线,鹅岭
深圳,1号线/罗宝线,华强路
宁波,1号线,邬隘
无锡,S1线,江阴高铁站
哈尔滨,1号线,瓦盆窑
福州,1号线,树兜
佛山,南海有轨电车1号线,平西
南昌,1号线,绿茵路
青岛,1号线,凤岗路
呼和浩特,1号线,西龙王庙
广州,1号线,陈家祠
常州,1号线,常州北站
西安,1号线,白马河
徐州,1号线,人民广场
大连,1号线,松江路
郑州,1号线,铁炉
兰州,1号线,马滩
合肥,1号线,金斗公园
石家庄,1号线,烈士陵园
太原,2号线,缉虎营
东莞,2号线,旗峰公园
乌鲁木齐,1号线,植物园
洛阳,1号线,长安路
厦门,1号线,莲坂
香港,东铁线(落馬洲-金钟),九龙塘
贵阳,1号线,沙冲路
南宁,1号线,东盟商务区
温州,S1线,龙霞路
长沙,1号线,开福区政府
济南,1号线,赵营
武汉,1号线,二七路
天津,1号线,西站
上海,1号线,上海体育馆
沈阳,1号线,南市场
成都,1号线(五根松-韦家碾),世纪城
杭州,1号线,婺江路
北京,S1线,小园
苏州,1号线,滨河路
昆明,1号线(环城南路-大学城南),晓东村
长春,1号线,人民广场
南京,S1号线(机场线),翠屏山
重庆,1号线,大坪
深圳,1号线/罗宝线,岗厦
宁波,1号线,宝幢
无锡,S1线,江阴中医院
哈尔滨,1号线,同江路
福州,1号线,屏山
佛山,南海有轨电车1号线,平南
南昌,1号线,卫东
青岛,1号线,流亭
呼和浩特,1号线,乌兰夫纪念馆
广州,1号线,西门口
常州,1号线,北郊中学
西安,1号线,陕西中医药大学
徐州,1号线,苏堤路
大连,1号线,东纬路
郑州,1号线,市民中心
兰州,1号线,土门墩
合肥,1号线,塘西河公园
石家庄,1号线,新百广场
太原,2号线,府西街
东莞,2号线,鸿福路
乌鲁木齐,1号线,体育中心
洛阳,1号线,上海市场
厦门,1号线,莲花路口
香港,东铁线(落馬洲-金钟),大围
贵阳,1号线,贵阳火车站
南宁,1号线,万象城
温州,S1线,惠民路
长沙,1号线,马厂
济南,1号线,紫薇路
武汉,1号线,头道街
天津,1号线,西北角
上海,1号线,徐家汇
沈阳,1号线,太原街
成都,1号线(五根松-韦家碾),锦城广场
杭州,1号线,城站
北京,S1线,石厂
苏州,1号线,西环路
昆明,1号线(环城南路-大学城南),珥季路
长春,1号线,解放大路
南京,S1号线(机场线),南京南站
重庆,1号线,石油路
深圳,1号线/罗宝线,会展中心
宁波,1号线,五乡
无锡,S1线,南门
哈尔滨,1号线,哈尔滨南站
福州,1号线,东街口
佛山,南海有轨电车1号线,玉器街
南昌,1号线,地铁大厦
青岛,1号线,仙家寨(汽车北站)
呼和浩特,1号线,附属医院
广州,1号线,公园前
常州,1号线,外国语学校
西安,1号线,沣河森林公园
徐州,1号线,徐医附院
大连,1号线,春柳
郑州,1号线,西流湖
兰州,1号线,兰州西站北广场
合肥,1号线,紫庐
石家庄,1号线,解放广场
太原,2号线,开化寺街
东莞,2号线,西平
乌鲁木齐,1号线,铁路局
洛阳,1号线,牡丹广场
厦门,1号线,吕厝
香港,东铁线(落馬洲-金钟),沙田
贵阳,1号线,河滨公园
南宁,1号线,会展中心
温州,S1线,三垟湿地
长沙,1号线,北辰三角洲
济南,1号线,大学城
武汉,1号线,黄浦路
天津,1号线,西南角
上海,1号线,衡山路
沈阳,1号线,沈阳站
成都,1号线(五根松-韦家碾),孵化园
杭州,1号线,定安路
北京,1号线八通线,古城
苏州,1号线,桐泾北路
昆明,1号线(环城南路-大学城南),星耀路
长春,1号线,东北师大
南京,1号线,中国药科大学
重庆,1号线,歇台子
深圳,1号线/罗宝线,购物公园
宁波,1号线,邱隘东
无锡,S1线,中山公园
哈尔滨,1号线,哈达
福州,1号线,南门兜
佛山,南海有轨电车1号线,中区
南昌,1号线,秋水广场
青岛,1号线,瑞金路
呼和浩特,1号线,新华广场
广州,1号线,农讲所
常州,1号线,环球港
西安,1号线,北槐
徐州,1号线,彭城广场
大连,1号线,香工街
郑州,1号线,西三环
兰州,1号线,西站什字
合肥,1号线,滨湖会展中心
石家庄,1号线,平安大街
太原,2号线,大南门
东莞,2号线,蛤地
乌鲁木齐,1号线,小西沟
洛阳,1号线,七里河
厦门,1号线,乌石浦
香港,东铁线(落馬洲-金钟),火炭
贵阳,1号线,中山西路
南宁,1号线,金湖广场
温州,S1线,龙腾路
长沙,1号线,开福寺
济南,1号线,园博园
武汉,1号线,三阳路
天津,1号线,二纬路
上海,1号线,常熟路
沈阳,1号线,云峰北街
成都,1号线(五根松-韦家碾),金融城
杭州,1号线,龙翔桥
北京,1号线八通线,八角游乐园
苏州,1号线,广济南路
昆明,1号线(环城南路-大学城南),新亚洲体育城
长春,1号线,工农广场
南京,1号线,南京交院
重庆,1号线,石桥铺
深圳,1号线/罗宝线,香蜜湖
宁波,1号线,东环南路
无锡,S1线,江阴外滩
哈尔滨,1号线,医大二院
福州,1号线,茶亭
佛山,南海有轨电车1号线,三山新城北
南昌,1号线,滕王阁
青岛,1号线,遵义路
呼和浩特,1号线,人民会堂
广州,1号线,烈士陵园
常州,1号线,新区公园
西安,1号线,上林路
徐州,1号线,民主北路
大连,1号线,中长街
郑州,1号线,秦岭路
兰州,1号线,七里河
合肥,1号线,高王
石家庄,1号线,北国商城
太原,2号线,体育馆
东莞,2号线,陈屋
乌鲁木齐,1号线,中营工
洛阳,1号线,王城公园
厦门,1号线,塘边
香港,东铁线(落馬洲-金钟),大学
贵阳,1号线,喷水池
南宁,1号线,南湖
温州,S1线,科技城
长沙,1号线,文昌阁
济南,1号线,创新谷
武汉,1号线,大智路
天津,1号线,海光寺
上海,1号线,陕西南路
沈阳,1号线,铁西广场
成都,1号线(五根松-韦家碾),高新
杭州,1号线,凤起路
北京,1号线八通线,八宝山
苏州,1号线,养育巷
昆明,1号线(环城南路-大学城南),南部汽车站
长春,1号线,繁荣路
南京,1号线,南医大·江苏经贸学院
重庆,1号线,高庙村
深圳,1号线/罗宝线,车公庙
宁波,1号线,盛莫路
无锡,1号线,堰桥
哈尔滨,1号线,黑龙江大学
福州,1号线,达道
佛山,南海有轨电车1号线,文翰湖公园(季华实验室)
南昌,1号线,万寿宫
青岛,1号线,南岭
呼和浩特,1号线,将军衙署
广州,1号线,东山口
常州,1号线,河海
西安,1号线,沣东自贸园
徐州,1号线,徐州火车站
大连,1号线,兴工街
郑州,1号线,五一公园
兰州,1号线,小西湖
合肥,1号线,骆岗
石家庄,1号线,博物院
太原,2号线,南内环
东莞,2号线,寮厦
乌鲁木齐,1号线,新疆图书馆
洛阳,1号线,解放路
厦门,1号线,火炬园
香港,东铁线(落馬洲-金钟),大埔墟
贵阳,1号线,北京路
南宁,1号线,麻村
温州,S1线,瑶溪
长沙,1号线,培元桥
济南,1号线,工研院
武汉,1号线,循礼门
天津,1号线,鞍山道
上海,1号线,一大会址·黄陂南路
沈阳,1号线,保工街
成都,1号线(五根松-韦家碾),火车南站
杭州,1号线,武林广场
北京,1号线八通线,玉泉路
苏州,1号线,乐桥
昆明,1号线(环城南路-大学城南),斗南
长春,1号线,卫星广场
南京,1号线,龙眠大道
重庆,1号线,马家岩
深圳,1号线/罗宝线,竹子林
宁波,1号线,福庆北路
无锡,1号线,锡北运河
哈尔滨,1号线,理工大学
福州,1号线,上藤
佛山,南海有轨电车1号线,三山新城南
南昌,1号线,八一馆
青岛,1号线,兴国路
呼和浩特,1号线,艺术学院
广州,1号线,杨箕
常州,1号线,奥体中心
西安,1号线,后卫寨
徐州,1号线,子房山
大连,1号线,西安路
郑州,1号线,碧沙岗
兰州,1号线,文化宫
合肥,1号线,南站南广场
石家庄,1号线,体育场
太原,2号线,王村南街
东莞,2号线,珊美
乌鲁木齐,1号线,八楼
洛阳,1号线,周王城广场
厦门,1号线,殿前
香港,东铁线(落馬洲-金钟),太和
贵阳,1号线,八鸽岩
南宁,1号线,民族广场
温州,S1线,奥体中心
长沙,1号线,五一广场
济南,2号线,王府庄
武汉,1号线,友谊路
天津,1号线,营口道
上海,1号线,人民广场
沈阳,1号线,启工街
成都,1号线(五根松-韦家碾),桐梓林
杭州,1号线,西湖文化广场
北京,1号线八通线,五棵松
苏州,1号线,临顿路
昆明,1号线(环城南路-大学城南),春融街
长春,1号线,市政府
南京,1号线,天印大道
重庆,1号线,小龙坎
重庆,1号线,沙坪坝
宁波,1号线,海晏北路
无锡,1号线,西漳
哈尔滨,1号线,学府路
福州,1号线,三叉街
佛山,南海有轨电车1号线,林岳北
南昌,1号线,八一广场
青岛,1号线,永年路
呼和浩特,1号线,东影路
广州,1号线,体育西路
常州,1号线,市民广场
西安,1号线,三桥
徐州,1号线,铜山路
大连,1号线,富国街
郑州,1号线,绿城广场
兰州,1号线,西关
合肥,1号线,合肥南站
石家庄,1号线,北宋
太原,2号线,长风街
东莞,2号线,展览中心
乌鲁木齐,1号线,王家梁
洛阳,1号线,应天门
厦门,1号线,高崎
香港,东铁线(落馬洲-金钟),粉岭
贵阳,1号线,南垭路
南宁,1号线,新民路
温州,S1线,永中
长沙,1号线,黄兴广场
济南,2号线,腊山南
武汉,1号线,利济北路
天津,1号线,小白楼
上海,1号线,新闸路
沈阳,1号线,重工街
成都,1号线(五根松-韦家碾),倪家桥
杭州,1号线,打铁关
北京,1号线八通线,万寿路
苏州,1号线,相门
昆明,1号线(环城南路-大学城南),驼峰街
长春,1号线,华庆路
南京,1号线,竹山路
深圳,1号线/罗宝线,侨城东
重庆,1号线,杨公桥
宁波,1号线,世纪大道
无锡,1号线,天一
哈尔滨,1号线,和兴路
福州,1号线,白湖亭
佛山,南海有轨电车1号线,林岳西
南昌,1号线,丁公路北
青岛,1号线,沧安路
呼和浩特,1号线,内蒙古展览馆
广州,1号线,体育中心
常州,1号线,翠竹
西安,1号线,皂河
徐州,1号线,黄山垅
大连,1号线,会展中心
郑州,1号线,医学院
兰州,1号线,省政府
合肥,1号线,望湖城
石家庄,1号线,谈固
太原,2号线,学府街
东莞,2号线,虎门火车站
乌鲁木齐,1号线,南湖北路
洛阳,1号线,丽景门
厦门,1号线,集美学村
香港,东铁线(落馬洲-金钟),上水
贵阳,1号线,雅关
南宁,1号线,朝阳广场
温州,S1线,机场
长沙,1号线,南门口
济南,2号线,腊山
武汉,1号线,崇仁路
天津,1号线,下瓦房
上海,1号线,汉中路
沈阳,1号线,迎宾路
成都,1号线(五根松-韦家碾),省体育馆
杭州,1号线,闸弄口
北京,1号线八通线,公主坟
苏州,1号线,东环路
昆明,1号线(环城南路-大学城南),联大街
长春,1号线,红嘴子
南京,1号线,小龙湾
深圳,1号线/罗宝线,华侨城
重庆,1号线,烈士墓
宁波,1号线,福明路
无锡,1号线,刘潭
哈尔滨,1号线,西大桥
福州,1号线,葫芦阵
佛山,南海有轨电车1号线,林岳东
南昌,1号线,师大南路
青岛,1号线,青岛北站
呼和浩特,1号线,内蒙古博物院
广州,1号线,广州东站
常州,1号线,常州火车站
西安,1号线,枣园
徐州,1号线,庆丰路
大连,1号线,星海广场
郑州,1号线,郑州火车站
兰州,1号线,东方红广场
合肥,1号线,葛大店
石家庄,1号线,朝晖桥
太原,2号线,南中环
乌鲁木齐,1号线,南湖广场
洛阳,1号线,洛邑古城
厦门,1号线,园博苑
香港,东铁线(落馬洲-金钟),落马洲
贵阳,1号线,贵阳北站
南宁,1号线,火车站
温州,S1线,灵昆
长沙,1号线,侯家塘
济南,2号线,二环西路
武汉,1号线,硚口路
天津,1号线,南楼
上海,1号线,上海火车站
沈阳,1号线,于洪广场
成都,1号线(五根松-韦家碾),华西坝
杭州,1号线,火车东站
北京,1号线八通线,军事博物馆
苏州,1号线,中央公园
昆明,1号线(环城南路-大学城南),谊康南路
长春,2号线,汽车公园
南京,1号线,百家湖
深圳,1号线/罗宝线,世界之窗
重庆,1号线,磁器口
宁波,1号线,樱花公园
无锡,1号线,庄前
哈尔滨,1号线,哈工大
福州,1号线,黄山
佛山,佛山2号线,南庄
南昌,1号线,彭家桥
青岛,1号线,安顺路
呼和浩特,1号线,市政府
广州,佛山2号线,广州南站
常州,1号线,博爱路
西安,1号线,汉城路
徐州,1号线,医科大学
大连,1号线,大医二院
郑州,1号线,二七广场
兰州,1号线,兰州大学
合肥,1号线,秋浦河路
石家庄,1号线,白佛
太原,2号线,晋阳街
乌鲁木齐,1号线,新兴街
洛阳,1号线,夹马营
厦门,1号线,杏林村
香港,东铁线(羅湖-金钟),金钟
贵阳,1号线,白鹭湖
南宁,1号线,白苍岭
温州,S1线,瓯江口
长沙,1号线,南湖路
济南,2号线,老屯
武汉,1号线,太平洋
天津,1号线,土城
上海,1号线,中山北路
沈阳,1号线,开发大道
成都,1号线(五根松-韦家碾),锦江宾馆
杭州,1号线,彭埠
北京,1号线八通线,木樨地
苏州,1号线,星海广场
昆明,1号线(环城南路-大学城南),大学城
长春,2号线,捷达大路
南京,1号线,胜太路
深圳,1号线/罗宝线,白石洲
重庆,1号线,石井坡
宁波,1号线,舟孟北路
无锡,1号线,民丰
哈尔滨,1号线,铁路局
福州,1号线,排下
佛山,佛山2号线,湖涌
南昌,1号线,谢家村
青岛,1号线,胜利桥(纺织谷)
呼和浩特,1号线,呼和浩特东站
广州,佛山2号线,林岳东(2号线)
常州,1号线,文化宫
西安,1号线,开远门
徐州,1号线,乔家湖
大连,1号线,黑石礁
郑州,1号线,人民路·河南中医一附院
兰州,1号线,五里铺
合肥,1号线,朱岗
石家庄,1号线,留村
太原,2号线,龙兴街
乌鲁木齐,1号线,北门
洛阳,1号线,启明南路
厦门,1号线,杏锦路
香港,东铁线(羅湖-金钟),会展
贵阳,1号线,新寨
南宁,1号线,广西大学
温州,S1线,瓯华
长沙,1号线,黄土岭
济南,2号线,八里桥
武汉,1号线,宗关
天津,1号线,陈塘庄
上海,1号线,延长路
沈阳,1号线,张士
成都,1号线(五根松-韦家碾),天府广场
杭州,1号线,七堡
北京,1号线八通线,南礼士路
苏州,1号线,东方之门
昆明,1号线(环城南路-大学城南),大学城南
长春,2号线,西湖
南京,1号线,河定桥
深圳,1号线/罗宝线,高新园
重庆,1号线,双碑
宁波,1号线,江厦桥东
无锡,1号线,无锡火车站
哈尔滨,1号线,博物馆
福州,1号线,城门
佛山,佛山2号线,绿岛湖
南昌,1号线,青山湖大道
青岛,1号线,中心医院
呼和浩特,1号线,后不塔气
广州,佛山2号线,林岳西
常州,1号线,同济桥
西安,1号线,劳动路
徐州,1号线,金龙湖
大连,1号线,学苑广场
郑州,1号线,紫荆山
兰州,1号线,省气象局
合肥,1号线,合工大南区
石家庄,1号线,火炬广场
太原,2号线,龙城公园
乌鲁木齐,1号线,南门
洛阳,1号线,塔湾
厦门,1号线,官任
香港,东铁线(羅湖-金钟),红磡
贵阳,1号线,阳关
南宁,1号线,鲁班路
温州,S1线,双瓯大道
长沙,1号线,涂家冲
济南,2号线,益康路
武汉,1号线,汉西一路
天津,1号线,复兴门
上海,1号线,上海马戏城
沈阳,1号线,四号街
成都,1号线(五根松-韦家碾),骡马市
杭州,1号线,九和路
北京,1号线八通线,复兴门
苏州,1号线,文化博览中心
昆明,1号线(环城南路-昆明南火车站),环城南路
长春,2号线,双丰
南京,1号线,双龙大道
深圳,1号线/罗宝线,深大
重庆,1号线,赖家桥
宁波,1号线,东门口
无锡,1号线,胜利门
哈尔滨,1号线,医大一院
福州,1号线,三角埕
佛山,佛山2号线,智慧新城
南昌,1号线,高新大道
青岛,1号线,水清沟
呼和浩特,1号线,什兰岱
广州,佛山2号线,石洲
常州,1号线,清凉寺
西安,1号线,玉祥门
徐州,1号线,徐州东站
大连,1号线,海事大学
郑州,1号线,燕庄
兰州,1号线,拱星墩
合肥,1号线,包公园
石家庄,1号线,石家庄东站
太原,2号线,嘉节
乌鲁木齐,1号线,二道桥
洛阳,1号线,史家湾
厦门,1号线,诚毅广场
香港,东铁线(羅湖-金钟),旺角东
贵阳,1号线,国际生态会议中心
南宁,1号线,动物园
温州,S2线,清东路
长沙,1号线,铁道学院
济南,2号线,济南站北
武汉,1号线,古田四路
天津,1号线,华山里
上海,1号线,汶水路
沈阳,1号线,七号街
成都,1号线(五根松-韦家碾),文殊院
杭州,1号线,九堡
北京,1号线八通线,西单
苏州,1号线,时代广场
昆明,1号线(环城南路-昆明南火车站),昆明火车站
长春,2号线,长春西站
南京,1号线,南京南站
深圳,1号线/罗宝线,桃园
重庆,1号线,微电园
宁波,1号线,鼓楼
无锡,1号线,三阳广场
哈尔滨,1号线,烟厂
福州,1号线,胪雷
佛山,佛山2号线,张槎
南昌,1号线,艾溪湖西
青岛,1号线,北岭
呼和浩特,1号线,白塔西
广州,佛山2号线,仙涌
常州,1号线,茶山
西安,1号线,洒金桥
徐州,2号线,客运北站
大连,1号线,七贤岭
郑州,1号线,民航路
兰州,1号线,焦家湾
合肥,1号线,大东门
石家庄,1号线,南村
太原,2号线,电子西街
乌鲁木齐,1号线,新疆大学
洛阳,1号线,杨湾
厦门,1号线,集美软件园
香港,东铁线(羅湖-金钟),九龙塘
贵阳,1号线,观山湖公园
南宁,1号线,清川
温州,S2线,旭阳路
长沙,1号线,友谊路
济南,2号线,济泺路
武汉,1号线,古田三路
天津,1号线,财经大学
上海,1号线,彭浦新村
沈阳,1号线,中央大街
成都,1号线(五根松-韦家碾),人民北路
杭州,1号线,客运中心
北京,1号线八通线,天安门西
苏州,1号线,星湖街
昆明,1号线(环城南路-昆明南火车站),福德
长春,2号线,兴隆堡
南京,1号线,花神庙
深圳,1号线/罗宝线,大新
重庆,1号线,陈家桥
宁波,1号线,西门口
无锡,1号线,南禅寺
哈尔滨,1号线,工程大学
福州,1号线,福州火车南站
佛山,佛山2号线,石湾
南昌,1号线,艾溪湖东
青岛,1号线,小村庄
呼和浩特,1号线,坝堰(机场)
广州,佛山2号线,花卉世界
常州,1号线,聚湖路
西安,1号线,北大街
徐州,2号线,李沃
大连,1号线,河口
郑州,1号线,会展中心
兰州,1号线,东岗
合肥,1号线,明光路
石家庄,1号线,洨河大道
太原,2号线,康宁街
乌鲁木齐,1号线,三屯碑
洛阳,2号线,二乔路
厦门,1号线,集美大道
香港,东铁线(羅湖-金钟),大围
贵阳,1号线,林城西路
南宁,1号线,民族大学
温州,S2线,万岙
长沙,1号线,省政府·清风
济南,2号线,生产路
武汉,1号线,古田二路
天津,1号线,双林
上海,1号线,共康路
沈阳,1号线,十三号街
成都,1号线(五根松-韦家碾),火车北站
杭州,1号线,下沙西
北京,1号线八通线,天安门东
苏州,1号线,南施街
昆明,1号线(环城南路-昆明南火车站),日新路
长春,2号线,西环城路
南京,1号线,软件大道
深圳,1号线/罗宝线,鲤鱼门
重庆,1号线,大学城
宁波,1号线,大卿桥
无锡,1号线,谈渡桥
哈尔滨,1号线,太平桥
福州,1号线,安平
佛山,佛山2号线,沙岗
南昌,1号线,太子殿
青岛,1号线,海泊桥(海慈医疗)
呼和浩特,2号线,塔利东路
广州,佛山2号线,登洲
常州,1号线,湖塘
西安,1号线,五路口
徐州,2号线,九里山
大连,2号线,大连北站
郑州,1号线,黄河南路
兰州,2号线,雁白大桥
合肥,1号线,长淮
石家庄,1号线,西庄
太原,2号线,通达街
洛阳,2号线,邙岭
厦门,1号线,天水路
香港,东铁线(羅湖-金钟),沙田
贵阳,1号线,阅山湖公园
南宁,1号线,西乡塘客运站
温州,S2线,盐盆
长沙,1号线,桂花坪
济南,2号线,北园
武汉,1号线,古田一路
天津,1号线,李楼
上海,1号线,通河新村
沈阳,2号线,蒲田路
成都,1号线(五根松-韦家碾),升仙湖
杭州,1号线,金沙湖
北京,1号线八通线,王府井
苏州,1号线,星塘街
昆明,1号线(环城南路-昆明南火车站),巫家坝
长春,2号线,和平大街
南京,1号线,天隆寺
深圳,1号线/罗宝线,前海湾
重庆,1号线,尖顶坡
宁波,1号线,泽民
无锡,1号线,太湖广场
哈尔滨,1号线,交通学院
福州,1号线,梁厝
佛山,佛山2号线,魁奇路
南昌,1号线,奥体中心
青岛,1号线,台东
呼和浩特,2号线,新店
广州,佛山2号线,湾华
常州,1号线,新天地公园
西安,1号线,朝阳门
徐州,2号线,奔腾大道
大连,2号线,南关岭
郑州,1号线,农业南路
兰州,2号线,均家滩
合肥,1号线,合肥火车站
石家庄,1号线,东庄
太原,2号线,化章西街
洛阳,2号线,国花路
厦门,1号线,厦门北站
香港,东铁线(羅湖-金钟),火炭
贵阳,1号线,老湾塘
南宁,1号线,鹏飞路
温州,S2线,新望
长沙,1号线,大托
济南,2号线,历山路
武汉,1号线,舵落口
天津,1号线,洪泥河东
上海,1号线,呼兰路
沈阳,2号线,蒲河路
成都,1号线(五根松-韦家碾),韦家碾
杭州,1号线,高沙路
北京,1号线八通线,东单
苏州,1号线,钟南街
昆明,1号线(环城南路-昆明南火车站),昌宏西路
长春,2号线,万福街
南京,1号线,安德门
深圳,1号线/罗宝线,新安
重庆,1号线,璧山
宁波,1号线,望春桥
无锡,1号线,清名桥
哈尔滨,1号线,桦树街
福州,1号线,下洋
佛山,佛山2号线,石梁
南昌,1号线,瑶湖西
青岛,1号线,广饶路
呼和浩特,2号线,百合路
广州,佛山2号线,石梁
常州,1号线,长虹路
西安,1号线,康复路
徐州,2号线,九龙湖
大连,2号线,体育中心
郑州,1号线,东风南路
兰州,2号线,张苏滩
合肥,1号线,瑶海公园
石家庄,1号线,会展中心
太原,2号线,西桥
洛阳,2号线,洛阳火车站
厦门,1号线,岩内
香港,东铁线(羅湖-金钟),大学
贵阳,1号线,下麦西
南宁,1号线,南职院
温州,S2线,翁垟
长沙,1号线,中信广场
济南,2号线,七里堡
武汉,1号线,竹叶海
天津,1号线,高庄子
上海,1号线,共富新村
沈阳,2号线,人杰湖公园
成都,1号线(科学城-韦家碾),科学城
杭州,1号线,文泽路
北京,1号线八通线,建国门
苏州,2号线,骑河
昆明,1号线(环城南路-昆明南火车站),晓东村
长春,2号线,景阳广场
南京,1号线,中华门
深圳,1号线/罗宝线,宝安中心
重庆,2号线,较场口
宁波,1号线,徐家漕长乐
无锡,1号线,人民医院
哈尔滨,1号线,哈尔滨东站
福州,1号线,三江口
佛山,佛山2号线,湾华
南昌,2号线,南路
青岛,1号线,观象山(市立医院)
呼和浩特,2号线,北山公园
广州,佛山2号线,魁奇路
常州,1号线,延政大道
西安,1号线,通化门
徐州,2号线,庆云桥
大连,2号线,卫生中心
郑州,1号线,郑州东站
兰州,2号线,五里铺
合肥,1号线,兴华苑
石家庄,1号线,商务中心
洛阳,2号线,纱厂路
厦门,2号线,天竺山
香港,东铁线(羅湖-金钟),大埔墟
贵阳,1号线,窦官
南宁,1号线,石埠
温州,S2线,柳市东
长沙,1号线,尚双塘
济南,2号线,祝甸
武汉,1号线,额头湾
天津,1号线,国家会展中心
上海,1号线,宝安公路
沈阳,2号线,辽宁大学
成都,1号线(科学城-韦家碾),兴隆湖
杭州,1号线,文海南路
北京,1号线八通线,永安里
苏州,2号线,富翔路
昆明,1号线(环城南路-昆明南火车站),珥季路
长春,2号线,解放桥
南京,1号线,三山街
深圳,1号线/罗宝线,宝体
重庆,2号线,临江门
宁波,1号线,芦港
无锡,1号线,华清大桥
哈尔滨,2号线,江北大学城
福州,2号线,苏洋
佛山,佛山2号线,登洲
南昌,2号线,南昌中学
青岛,1号线,中山路
呼和浩特,2号线,丝绸之路大道
广州,佛山2号线,沙岗
常州,1号线,科教城北
西安,1号线,万寿路
徐州,2号线,彭城广场
大连,2号线,后革
郑州,1号线,博学路
兰州,2号线,团结新村
合肥,1号线,张洼
石家庄,1号线,园博园
洛阳,2号线,解放路
厦门,2号线,东孚
香港,东铁线(羅湖-金钟),太和
贵阳,2号线,白云北路
南宁,2号线,西津
温州,S2线,灵昆
长沙,S2线,磁浮机场站
济南,2号线,八涧堡
武汉,1号线,五环大道
天津,1号线,国瑞路
上海,1号线,友谊西路
沈阳,2号线,航空航天大学
成都,1号线(科学城-韦家碾),广州路
杭州,1号线,云水
北京,1号线八通线,国贸
苏州,2号线,高铁苏州北站
昆明,1号线(环城南路-昆明南火车站),星耀路
长春,2号线,建设广场
南京,1号线,张府园
深圳,1号线/罗宝线,坪洲
重庆,2号线,黄花园
宁波,1号线,梁祝
无锡,1号线,扬名
哈尔滨,2号线,哈尔滨北站
福州,2号线,沙堤
佛山,佛山2号线,花卉世界
南昌,2号线,生米
青岛,1号线,青岛站
呼和浩特,2号线,一家村
广州,佛山2号线,石湾
常州,1号线,科教城南
西安,1号线,长乐坡
徐州,2号线,户部山
大连,2号线,革镇堡
郑州,1号线,市体育中心
兰州,2号线,红星巷
合肥,2号线,南岗
石家庄,1号线,福泽
洛阳,2号线,牡丹桥
厦门,2号线,东瑶
香港,东铁线(羅湖-金钟),粉岭
贵阳,2号线,白云中路
南宁,2号线,安吉客运站
温州,S2线,机场
长沙,S2线,磁浮榔梨
济南,2号线,姜家庄
武汉,1号线,东吴大道
天津,1号线,东沽路
上海,1号线,富锦路
沈阳,2号线,师范大学
成都,1号线(科学城-韦家碾),西博城
杭州,1号线,下沙江滨
北京,1号线八通线,大望路
苏州,2号线,大湾
昆明,1号线(环城南路-昆明南火车站),新亚洲体育城
长春,2号线,文化广场
南京,1号线,新街口
深圳,1号线/罗宝线,西乡
重庆,2号线,大溪沟
宁波,1号线,高桥
无锡,1号线,南湖家园
哈尔滨,2号线,大耿家
福州,2号线,上街
佛山,佛山2号线,仙涌
南昌,2号线,九龙湖南
青岛,1号线,西镇
呼和浩特,2号线,成吉思汗公园
广州,佛山2号线,张槎
常州,1号线,武进沿江城际
西安,1号线,浐河
徐州,2号线,师大云龙校区
大连,2号线,中革
郑州,1号线,龙子湖
兰州,2号线,兰州火车站
合肥,2号线,桂庄
石家庄,2号线,柳辛庄
洛阳,2号线,文博园
厦门,2号线,新阳大道
香港,东铁线(羅湖-金钟),上水
贵阳,2号线,云峰大道
南宁,2号线,苏卢
温州,S2线,永兴
长沙,S2线,磁浮高铁站
济南,2号线,凤凰路
武汉,1号线,码头潭公园
天津,1号线,双桥河
上海,2号线,浦东1号2号航站楼
沈阳,2号线,医学院
成都,1号线(科学城-韦家碾),天府公园
杭州,1号线,杭州大会展中心
北京,1号线八通线,四惠
苏州,2号线,富元路
昆明,1号线(环城南路-昆明南火车站),南部汽车站
长春,2号线,解放大路
南京,1号线,珠江路
深圳,1号线/罗宝线,固戍
重庆,2号线,曾家岩
宁波,1号线,高桥西
无锡,1号线,塘铁桥
哈尔滨,2号线,龙川路
福州,2号线,金屿
佛山,佛山2号线,石洲
南昌,2号线,市民中心
青岛,1号线,团岛
呼和浩特,2号线,毫沁营
广州,佛山2号线,智慧新城
常州,1号线,阳湖路
西安,1号线,半坡
徐州,2号线,中心医院
大连,2号线,前革
郑州,1号线,文苑北路
兰州,2号线,邮电大楼
合肥,2号线,汽车西站
石家庄,2号线,庄窠·铁道大学
洛阳,2号线,隋唐园
厦门,2号线,新垵
香港,东铁线(羅湖-金钟),罗湖
贵阳,2号线,泉湖公园
南宁,2号线,三十三中
温州,S2线,沙城
长沙,2号线,梅溪湖西
济南,2号线,鲍山
武汉,1号线,三店
天津,2号线,滨海国际机场
上海,2号线,海天三路
沈阳,2号线,三台子
成都,1号线(科学城-韦家碾),武汉路
杭州,1号线,港城大道
北京,1号线八通线,四惠东
苏州,2号线,蠡口
昆明,1号线(环城南路-昆明南火车站),斗南
长春,2号线,平阳街
南京,1号线,鼓楼
深圳,1号线/罗宝线,后瑞
重庆,2号线,牛角沱
宁波,2号线,栎社国际机场
无锡,1号线,金匮公园
哈尔滨,2号线,世茂大道
福州,2号线,福州大学
佛山,佛山2号线,林岳西
南昌,2号线,鹰潭街
青岛,1号线,凤凰岛
呼和浩特,2号线,成吉思汗广场
广州,佛山2号线,绿岛湖
常州,1号线,南夏墅
西安,1号线,纺织城
徐州,2号线,淮塔
大连,2号线,辛寨子
郑州,1号线,河南大学新区
兰州,2号线,东方红广场
合肥,2号线,振兴路
石家庄,2号线,义堂
洛阳,2号线,体育中心
厦门,2号线,翁角路
香港,东涌线,东涌
贵阳,2号线,枫林路
南宁,2号线,秀厢
温州,S2线,天河
长沙,2号线,麓云路
济南,2号线,彭家庄
武汉,1号线,径河
天津,2号线,空港经济区
上海,2号线,远东大道
沈阳,2号线,陵西
成都,1号线(科学城-韦家碾),麓湖
杭州,1号线,南阳
北京,1号线八通线,高碑店
苏州,2号线,徐图港
昆明,1号线(环城南路-昆明南火车站),春融街
长春,2号线,南关
南京,1号线,玄武门
深圳,1号线/罗宝线,机场东
重庆,2号线,李子坝
宁波,2号线,栎社
无锡,1号线,市民中心
哈尔滨,2号线,冰雪大世界
福州,2号线,董屿·福建师大
佛山,佛山2号线,林岳东(2号线)
南昌,2号线,国博
青岛,1号线,山里
呼和浩特,2号线,内蒙古体育馆
广州,佛山2号线,湖涌
常州,2号线,青枫公园
西安,2号线,常宁宫
徐州,2号线,科技城
大连,2号线,机场
郑州,2号线,贾河
合肥,2号线,蜀山西
石家庄,2号线,建和桥
洛阳,2号线,市民之家
厦门,2号线,马青路
香港,东涌线,欣澳
贵阳,2号线,诚信路
南宁,2号线,明秀路
温州,S2线,海城
长沙,2号线,文化艺术中心
济南,3号线,机场南
武汉,2号线,佛祖岭
天津,2号线,国山路
上海,2号线,凌空路
沈阳,2号线,新乐遗址
成都,1号线(科学城-韦家碾),红石公园
杭州,1号线,向阳路
北京,1号线八通线,传媒大学
苏州,2号线,阳澄湖中路
昆明,1号线(环城南路-昆明南火车站),市级行政中心清风
长春,2号线,吉林大路
南京,1号线,新模范马路
深圳,坪山云巴1号线,比亚迪北
重庆,2号线,佛图关
宁波,2号线,鄞州大道
无锡,1号线,文化宫
哈尔滨,2号线,太阳岛
福州,2号线,厚庭
佛山,佛山2号线,广州南站
南昌,2号线,西站南广场
青岛,1号线,南北屯
呼和浩特,2号线,呼和浩特体育场
广州,佛山2号线,南庄
常州,2号线,海棠路
西安,2号线,何家营
徐州,2号线,七里沟
大连,2号线,虹港路
郑州,2号线,惠济区政府
合肥,2号线,大蜀山
石家庄,2号线,长安公园
洛阳,2号线,开元湖
厦门,2号线,海沧行政中心
香港,东涌线,青衣
贵阳,2号线,林城西路
南宁,2号线,火车站
温州,S2线,鲍田
长沙,2号线,梅溪湖东
济南,3号线,临空
武汉,2号线,藏龙东街
天津,2号线,登州路
上海,2号线,川沙
沈阳,2号线,北陵公园
成都,1号线(科学城-韦家碾),广福
杭州,1号线,萧山国际机场
北京,1号线八通线,双桥
苏州,2号线,陆慕
昆明,1号线(环城南路-昆明南火车站),宜和路
长春,2号线,东盛大街
南京,1号线,南京站
深圳,坪山云巴1号线,龙背
重庆,2号线,大坪
宁波,2号线,石碶
无锡,1号线,江南大学
哈尔滨,2号线,人民广场
福州,2号线,桔园洲
佛山,3号线,顺德学院站
南昌,2号线,南昌西站
青岛,1号线,新港山路
呼和浩特,2号线,公主府
广州,2号线,广州南站
常州,2号线,五星
西安,2号线,韦曲南
徐州,2号线,百果园
大连,2号线,虹锦路
郑州,2号线,毛庄
合肥,2号线,天柱路
石家庄,2号线,北国商城
洛阳,2号线,兴洛湖
厦门,2号线,海沧商务中心
香港,东涌线,荔景
贵阳,2号线,观山西路
南宁,2号线,朝阳广场
温州,S2线,大典下
长沙,2号线,望城坡(汽车西站)
济南,3号线,临港北路
武汉,2号线,秀湖
天津,2号线,屿东城
上海,2号线,华夏东路
沈阳,2号线,中医药大学
成都,1号线(科学城-韦家碾),海昌路
杭州,1号线,湘湖
北京,1号线八通线,管庄
苏州,2号线,平泷路东
昆明,1号线(环城南路-昆明南火车站),白龙潭
长春,2号线,东环城路
南京,1号线,红山动物园
深圳,坪山云巴1号线,自然博物馆西
重庆,2号线,袁家岗
宁波,2号线,轻纺城
无锡,1号线,长广溪
哈尔滨,2号线,中央大街
福州,2号线,洪湾
佛山,3号线,顺德欢乐海岸
南昌,2号线,龙岗
青岛,1号线,安子
呼和浩特,2号线,呼和浩特站
广州,2号线,石壁
常州,2号线,勤业
西安,2号线,航天城
徐州,2号线,拖龙山
大连,2号线,红旗西路
郑州,2号线,黄河迎宾馆
合肥,2号线,科学大道
石家庄,2号线,裕华路
洛阳,2号线,龙门高铁站
厦门,2号线,海沧湾公园
香港,东涌线,南昌
贵阳,2号线,兴筑路
南宁,2号线,南宁剧场
温州,S2线,汀田
长沙,2号线,金星路
济南,3号线,川流
武汉,2号线,金融港北
天津,2号线,翠阜新村
上海,2号线,创新中路
沈阳,2号线,岐山路
成都,1号线(科学城-韦家碾),华阳
杭州,1号线,滨康路
北京,1号线八通线,八里桥
苏州,2号线,平河路
昆明,1号线(环城南路-昆明南火车站),昆明南火车站
长春,2号线,长青
南京,1号线,迈皋桥
深圳,坪山云巴1号线,未来城
重庆,2号线,谢家湾
宁波,2号线,藕池
无锡,1号线,雪浪
哈尔滨,2号线,尚志大街
福州,2号线,金山
佛山,3号线,顺德一中
南昌,2号线,国体中心
青岛,1号线,天目山路
呼和浩特,2号线,新华广场
广州,2号线,会江
常州,2号线,怀德
西安,2号线,凤栖原
徐州,2号线,大龙湖
大连,2号线,湾家
郑州,2号线,金洼
合肥,2号线,十里庙
石家庄,2号线,槐中路
洛阳,2号线,八里堂
厦门,2号线,邮轮中心
香港,东涌线,奥运
贵阳,2号线,金阳医院
南宁,2号线,福建园
温州,S2线,莘塍
长沙,2号线,西湖公园
济南,3号线,曲家庄
武汉,2号线,黄龙山路
天津,2号线,靖江路
上海,2号线,唐镇
沈阳,2号线,沈阳北站
成都,1号线(科学城-韦家碾),四河
杭州,1号线,西兴
北京,1号线八通线,通州北苑
苏州,2号线,苏州火车站
昆明,2号线,环城南路
长春,2号线,东方广场
南京,1号线,晓庄
深圳,坪山云巴1号线,燕子岭
重庆,2号线,杨家坪
宁波,2号线,客运中心
无锡,1号线,葛埭桥
哈尔滨,2号线,哈尔滨站
福州,2号线,金祥
佛山,3号线,驹荣北路
南昌,2号线,卧龙山
青岛,1号线,薛家岛
呼和浩特,2号线,中山路
广州,2号线,南浦
常州,2号线,南大街
西安,2号线,三爻
徐州,2号线,市行政中心
大连,2号线,马栏广场
郑州,2号线,金达路
合肥,2号线,西七里塘
石家庄,2号线,欧韵公园
厦门,2号线,建业路
香港,东涌线,九龙
贵阳,2号线,金阳南路
南宁,2号线,亭洪路
温州,S2线,上望
长沙,2号线,溁湾镇
济南,3号线,滩头
武汉,2号线,武汉东站
天津,2号线,顺驰桥
上海,2号线,广兰路
沈阳,2号线,金融中心
成都,1号线(科学城-韦家碾),华府大道
杭州,1号线,滨和路
北京,1号线八通线,果园
苏州,2号线,山塘街
昆明,2号线,塘子巷
长春,3号线,伪满皇宫
南京,1号线,吉祥庵
深圳,坪山云巴1号线,综合保税区
重庆,2号线,动物园
宁波,2号线,丽园南路
无锡,1号线,南方泉
哈尔滨,2号线,博物馆
福州,2号线,祥坂
佛山,3号线,东乐路
南昌,2号线,岭北
青岛,1号线,丁家河
呼和浩特,2号线,大学西街
广州,2号线,洛溪
常州,2号线,文化宫
西安,2号线,电视塔
徐州,2号线,汉源大道
大连,2号线,辽师大
郑州,2号线,刘庄
合肥,2号线,五里墩
石家庄,2号线,元村
厦门,2号线,湖滨中路
香港,东涌线,香港
贵阳,2号线,茶园
南宁,2号线,石柱岭
温州,S2线,上东路
长沙,2号线,橘子洲·青莲
济南,3号线,济南东站
武汉,2号线,佳园路
天津,2号线,远洋国际中心
上海,2号线,金科路
沈阳,2号线,市府广场
成都,1号线(科学城-韦家碾),天府五街
杭州,1号线,江陵路
北京,1号线八通线,九棵树
苏州,2号线,石路
昆明,2号线,东风广场
长春,3号线,东广场
南京,1号线,燕子矶
深圳,坪山云巴1号线,中芯国际
重庆,2号线,大堰村
宁波,2号线,云霞路
无锡,2号线,无锡东站
哈尔滨,2号线,工人文化宫
福州,2号线,宁化
佛山,3号线,大良钟楼
南昌,2号线,前湖大道
青岛,1号线,井冈山路
呼和浩特,2号线,诺和木勒
广州,2号线,南洲
常州,2号线,红梅公园
西安,2号线,纬一街
徐州,2号线,新元大道
大连,2号线,交通大学
郑州,2号线,柳林
合肥,2号线,三里庵
石家庄,2号线,石家庄站
厦门,2号线,体育中心
香港,港岛线,坚尼地城
贵阳,2号线,百花大道
南宁,2号线,江南客运站
温州,S2线,东山
长沙,2号线,湘江中路
济南,3号线,裴家营
武汉,2号线,光谷大道
天津,2号线,天津站
上海,2号线,张江高科
沈阳,2号线,青年大街
成都,1号线(科学城-韦家碾),天府三街
杭州,1号线,近江
北京,1号线八通线,梨园
苏州,2号线,广济南路
昆明,2号线,交三桥
长春,3号线,长春站
南京,1号线,笆斗山
深圳,坪山云巴1号线,坪山中心(云巴1号线)
重庆,2号线,马王场
宁波,2号线,宁波火车站
无锡,2号线,迎宾广场
哈尔滨,2号线,省政府
福州,2号线,西洋
佛山,3号线,环市北
南昌,2号线,学府大道东
青岛,1号线,太行山路
呼和浩特,2号线,水上公园
广州,2号线,东晓南
常州,2号线,五角场
西安,2号线,小寨
徐州,2号线,新城区东
大连,2号线,西安路
郑州,2号线,沙门
合肥,2号线,安农大
石家庄,2号线,塔坛
厦门,2号线,育秀东路
香港,港岛线,香港大学
贵阳,2号线,马王庙
南宁,2号线,大沙田
长沙,2号线,五一广场
济南,3号线,王舍人
武汉,2号线,华中科技大学
天津,2号线,建国道意风区
上海,2号线,龙阳路
沈阳,2号线,青年公园
成都,1号线(科学城-韦家碾),世纪城
杭州,1号线,婺江路
北京,1号线八通线,临河里
苏州,2号线,三香广场
昆明,2号线,穿心鼓楼
长春,3号线,芙蓉桥
南京,1号线,八卦洲大桥南
深圳,坪山云巴1号线,文化聚落
重庆,2号线,平安
宁波,2号线,城隍庙
无锡,2号线,映月湖公园
哈尔滨,2号线,省医院
福州,2号线,南门兜
佛山,3号线,顺德人民医院
南昌,2号线,翠苑路
青岛,1号线,石油大学
呼和浩特,2号线,五里营
广州,2号线,江泰路
常州,2号线,三角场
西安,2号线,体育场
徐州,3号线,振兴大道
大连,2号线,联合路
郑州,2号线,北三环
合肥,2号线,三孝口
石家庄,2号线,仓丰路留村
厦门,2号线,吕厝
香港,港岛线,西营盘
贵阳,2号线,北京西路
南宁,2号线,建设路
长沙,2号线,芙蓉广场
济南,3号线,张马屯
武汉,2号线,珞雄路
天津,2号线,东南角
上海,2号线,世纪公园
沈阳,2号线,工业展览馆
成都,1号线(科学城-韦家碾),锦城广场
杭州,1号线,城站
北京,1号线八通线,土桥
苏州,2号线,劳动路
昆明,2号线,火车北站
长春,3号线,西安桥
南京,2号线,鱼嘴
深圳,坪山云巴1号线,站前路东
重庆,2号线,大渡口
宁波,2号线,鼓楼
无锡,2号线,查桥
哈尔滨,2号线,珠江路
福州,2号线,水部
佛山,3号线,荔村
南昌,2号线,地铁大厦
青岛,1号线,王家港
呼和浩特,2号线,锡林公园
广州,2号线,昌岗
常州,2号线,紫云
西安,2号线,南稍门
徐州,3号线,蟠桃
大连,2号线,人民广场
郑州,2号线,东风路
合肥,2号线,四牌楼
石家庄,2号线,南位
厦门,2号线,江头
香港,港岛线,上环
贵阳,2号线,改茶路
南宁,2号线,石子塘
长沙,2号线,迎宾路口
济南,3号线,八涧堡
武汉,2号线,光谷广场
天津,2号线,鼓楼
上海,2号线,上海科技馆
沈阳,2号线,市图书馆
成都,1号线(科学城-韦家碾),孵化园
杭州,1号线,定安路
北京,1号线八通线,花庄
苏州,2号线,胥江路
昆明,2号线,白云路
长春,3号线,南昌路
南京,2号线,天保街
深圳,坪山云巴1号线,坪山高铁站
重庆,2号线,新山村
宁波,2号线,外滩大桥
无锡,2号线,九里河公园
哈尔滨,2号线,南直路
福州,2号线,紫阳
佛山,3号线,伦教
南昌,2号线,雅苑路
青岛,2号线,李村公园
呼和浩特,2号线,内大南校区
广州,2号线,江南西
常州,2号线,青洋路
西安,2号线,永宁门
徐州,3号线,经贸学校
大连,2号线,一二九街
郑州,2号线,关虎屯
合肥,2号线,大东门
石家庄,2号线,嘉华路
厦门,2号线,后埔
香港,港岛线,中环
贵阳,2号线,黔春路
南宁,2号线,金象
长沙,2号线,袁家岭
济南,3号线,花园东路
武汉,2号线,杨家湾
天津,2号线,西南角
上海,2号线,世纪大道
沈阳,2号线,五里河
成都,1号线(科学城-韦家碾),金融城
杭州,1号线,龙翔桥
北京,1号线八通线,环球度假区
苏州,2号线,桐泾公园
昆明,2号线,金星
长春,3号线,朝阳桥
南京,2号线,青莲街
深圳,2号线/8号线,赤湾
重庆,2号线,天堂堡
宁波,2号线,正大路
无锡,2号线,云林
哈尔滨,2号线,东北农业大学
福州,2号线,五里亭
佛山,3号线,广教
南昌,2号线,红谷中大道
青岛,2号线,李村
呼和浩特,2号线,帅家营
广州,2号线,市二宫
常州,2号线,丁堰
西安,2号线,钟楼
徐州,3号线,金山桥
大连,2号线,青泥洼桥
郑州,2号线,黄河路
合肥,2号线,三里街
石家庄,3号线,西三庄
厦门,2号线,蔡塘
香港,港岛线,金钟
贵阳,2号线,延安西路
南宁,2号线,玉洞
长沙,2号线,长沙火车站
济南,3号线,丁家庄
武汉,2号线,虎泉
天津,2号线,广开四马路
上海,2号线,浦东南路(原东昌路)
沈阳,2号线,奥体中心
成都,1号线(科学城-韦家碾),高新
杭州,1号线,凤起路
北京,2号线,积水潭
苏州,2号线,友联
昆明,2号线,北辰
长春,3号线,解放桥
南京,2号线,螺塘路
深圳,2号线/8号线,蛇口港
重庆,2号线,建桥
宁波,2号线,倪家堰
无锡,2号线,庄桥
哈尔滨,2号线,气象台
福州,2号线,前屿
佛山,3号线,北滘公园
南昌,2号线,阳明公园
青岛,2号线,枣山路
呼和浩特,2号线,喇嘛营
广州,2号线,海珠广场
常州,2号线,潞城
西安,2号线,北大街
徐州,3号线,杨庄
大连,2号线,友好广场
郑州,2号线,紫荆山
合肥,2号线,东五里井
石家庄,3号线,高柱
厦门,2号线,古地石
香港,港岛线,湾仔
贵阳,2号线,紫林庵
南宁,2号线,东风路
长沙,2号线,锦泰广场
济南,3号线,安成街
武汉,2号线,广埠屯
天津,2号线,长虹公园
上海,2号线,陆家嘴
沈阳,2号线,营盘街
成都,1号线(科学城-韦家碾),火车南站
杭州,1号线,武林广场
北京,2号线,鼓楼大街
苏州,2号线,盘蠡路
昆明,2号线,霖雨桥
长春,3号线,湖西桥
南京,2号线,油坊桥
深圳,2号线/8号线,海上世界
重庆,2号线,金家湾
宁波,2号线,压赛堰
无锡,2号线,东亭
哈尔滨,3号线,进乡街
福州,2号线,上洋
佛山,3号线,高村
南昌,2号线,青山路口
青岛,2号线,华楼山路
呼和浩特,2号线,阿尔山路
广州,2号线,公园前
常州,2号线,五一路
西安,2号线,安远门
徐州,3号线,下淀
大连,2号线,中山广场
郑州,2号线,东大街
合肥,2号线,东七里
石家庄,3号线,柏林庄
厦门,2号线,岭兜
香港,港岛线,铜锣湾
贵阳,2号线,喷水池
南宁,2号线,玉岭路
长沙,2号线,万家丽广场
济南,3号线,奥体中心
武汉,2号线,街道口
天津,2号线,咸阳路
上海,2号线,南京东路
沈阳,2号线,世纪大厦
成都,1号线(科学城-韦家碾),桐梓林
杭州,1号线,西湖文化广场
北京,2号线,安定门
苏州,2号线,新家桥
昆明,2号线,羊肠村
长春,3号线,宽平桥
南京,2号线,雨润大街
深圳,2号线/8号线,水湾
重庆,2号线,刘家坝
宁波,2号线,大通桥
无锡,2号线,柏庄
哈尔滨,3号线,劳动公园
福州,2号线,鼓山
佛山,3号线,北滘西站
南昌,2号线,福州路
青岛,2号线,东韩
广州,2号线,纪念堂
西安,2号线,龙首原
徐州,3号线,白云山
大连,2号线,港湾广场
郑州,2号线,陇海东路
合肥,2号线,漕冲
石家庄,3号线,市庄
厦门,2号线,软件园二期
香港,港岛线,天后
贵阳,2号线,阳明祠
南宁,2号线,那福路
长沙,2号线,人民东路
济南,3号线,龙奥大厦
武汉,2号线,宝通寺
天津,2号线,芥园西道
上海,2号线,人民广场
沈阳,2号线,白塔河路
成都,1号线(科学城-韦家碾),倪家桥
杭州,1号线,打铁关
北京,2号线,雍和宫
苏州,2号线,石湖东路
昆明,2号线,司家营
长春,3号线,抚松路
南京,2号线,元通
深圳,2号线/8号线,东角头
重庆,2号线,白居寺
宁波,2号线,孔浦
无锡,2号线,广益
哈尔滨,3号线,旭升街
福州,2号线,洋里
佛山,3号线,潭洲会展
南昌,2号线,八一广场
青岛,2号线,辽阳东路
广州,2号线,越秀公园
西安,2号线,大明宫西
徐州,3号线,徐州火车站
大连,2号线,会议中心
郑州,2号线,二里岗
合肥,2号线,东二十埠
石家庄,3号线,市二中
厦门,2号线,何厝
香港,港岛线,炮台山
贵阳,2号线,省人民医院
南宁,2号线,平良立交
长沙,2号线,长沙大道
济南,3号线,孟家庄
武汉,2号线,中南路
天津,2号线,卞兴
上海,2号线,南京西路
沈阳,2号线,全运路
成都,1号线(科学城-韦家碾),省体育馆
杭州,1号线,闸弄口
北京,2号线,东直门
苏州,2号线,宝带桥南
昆明,2号线,龙头街
长春,3号线,孟家屯
南京,2号线,奥体东
深圳,2号线/8号线,湾厦
重庆,2号线,大江
宁波,2号线,路林
无锡,2号线,靖海
哈尔滨,3号线,肿瘤医院
福州,4号线,帝封江
佛山,3号线,岳步
南昌,2号线,永叔路
青岛,2号线,同安路
广州,2号线,广州火车站
西安,2号线,市图书馆
徐州,3号线,天桥
大连,2号线,东港
郑州,2号线,南五里堡
合肥,2号线,龙岗
石家庄,3号线,新百广场
厦门,2号线,观音山
香港,港岛线,北角
贵阳,2号线,宝山南路
南宁,2号线,坛泽
长沙,2号线,沙湾公园
济南,3号线,龙洞
武汉,2号线,洪山广场
天津,2号线,曹庄
上海,2号线,静安寺
沈阳,2号线,沈本大街
成都,1号线(科学城-韦家碾),华西坝
杭州,1号线,火车东站
北京,2号线,东四十条
苏州,2号线,尹中路
昆明,2号线,北部汽车站
长春,3号线,湖光路
南京,2号线,兴隆大街
深圳,2号线/8号线,海月
重庆,2号线,鱼洞
宁波,2号线,三官堂
无锡,2号线,上马墩
哈尔滨,3号线,征仪路
福州,4号线,螺洲温泉
佛山,3号线,大墩
南昌,2号线,丁公路南
青岛,2号线,苗岭路
广州,2号线,三元里
西安,2号线,凤城五路
徐州,3号线,和平大桥
大连,2号线,东海
郑州,2号线,花寨
合肥,2号线,王岗
石家庄,3号线,东里
厦门,2号线,东宅
香港,港岛线,鲗鱼涌
贵阳,2号线,油榨街
南宁,3号线,科园大道
长沙,2号线,杜花路
武汉,2号线,小龟山
天津,3号线,小淀
上海,2号线,江苏路
沈阳,2号线,沈中大街
成都,1号线(科学城-韦家碾),锦江宾馆
杭州,1号线,彭埠
北京,2号线,朝阳门
苏州,2号线,郭巷
昆明,3号线,西山公园
长春,3号线,电台街
南京,2号线,集庆门大街
深圳,2号线/8号线,登良
重庆,轨道交通3号线(空港线),碧津
宁波,2号线,宁波大学
无锡,2号线,东林广场
哈尔滨,3号线,医大二院
福州,4号线,城门
佛山,3号线,东平
南昌,2号线,南昌火车站
青岛,2号线,石老人浴场
广州,2号线,飞翔公园
西安,2号线,行政中心
徐州,3号线,淮塔
大连,2号线,海之韵
郑州,2号线,南三环
合肥,2号线,三十埠
石家庄,3号线,槐安桥
厦门,2号线,两岸金融中心
香港,港岛线,太古
贵阳,2号线,贵钢
南宁,3号线,创业路
长沙,2号线,长沙火车南站
武汉,2号线,螃蟹岬
天津,3号线,丰产河
上海,2号线,中山公园
沈阳,2号线,省博物馆
成都,1号线(科学城-韦家碾),天府广场
杭州,1号线,七堡
北京,2号线,建国门
苏州,2号线,郭苑路
昆明,3号线,车家壁
长春,3号线,前进西
南京,2号线,云锦路
深圳,2号线/8号线,后海
重庆,轨道交通3号线(空港线),双凤桥
宁波,2号线,清水浦
无锡,2号线,三阳广场
哈尔滨,3号线,哈西大街
福州,4号线,林浦
佛山,3号线,湾华
南昌,2号线,顺外
青岛,2号线,海安路
广州,2号线,白云公园
西安,2号线,凤城十路
徐州,3号线,矿大文昌校区
大连,地铁3号线支线,九里
郑州,2号线,站马屯
合肥,2号线,三十埠东
石家庄,3号线,西三教
厦门,2号线,五通
香港,港岛线,西湾河
贵阳,2号线,富源北路
南宁,3号线,安吉客运站
长沙,2号线,光达
武汉,2号线,积玉桥
天津,3号线,华北集团
上海,2号线,娄山关路
沈阳,2号线,中央公园
成都,1号线(科学城-韦家碾),骡马市
杭州,1号线,九和路
北京,2号线,北京站
苏州,2号线,尹山湖
昆明,3号线,普坪村
长春,3号线,前进大街
南京,2号线,莫愁湖
深圳,2号线/8号线,科苑
重庆,轨道交通3号线(空港线),空港广场
宁波,2号线,五里牌
无锡,2号线,五爱广场
哈尔滨,3号线,凯盛源广场
福州,4号线,会展中心
佛山,3号线,亚艺公园
南昌,2号线,辛家庵
青岛,2号线,海川路
广州,2号线,白云文化广场
西安,2号线,北苑
徐州,3号线,南三环路
大连,地铁3号线支线,十九局
郑州,2号线,南四环
合肥,2号线,祥和
石家庄,3号线,石家庄站
厦门,2号线,湿地公园
香港,港岛线,筲箕湾
贵阳,2号线,森林公园
南宁,3号线,北湖北路
长沙,3号线,湘潭北站
武汉,2号线,江汉路
天津,3号线,天士力
上海,2号线,威宁路
沈阳,2号线,创新一路
成都,1号线(科学城-韦家碾),文殊院
杭州,1号线,九堡
北京,2号线,崇文门
苏州,2号线,独墅湖南
昆明,3号线,石咀
长春,3号线,卫明街
南京,2号线,汉中门
深圳,2号线/8号线,红树湾
重庆,轨道交通3号线(空港线),高堡湖
宁波,2号线,枫园
无锡,2号线,梁溪大桥
哈尔滨,3号线,哈尔滨西站
福州,4号线,花海公园
佛山,3号线,季华六路
南昌,3号线,京东大道
青岛,2号线,海游路
广州,2号线,萧岗
西安,2号线,西安北站
徐州,3号线,翟山
大连,地铁3号线支线,和平路
郑州,3号线,省体育中心
合肥,2号线,桂王
石家庄,3号线,汇通路
厦门,2号线,钟宅
香港,港岛线,杏花邨
贵阳,2号线,见龙洞
南宁,3号线,秀峰路
长沙,3号线,船形山
武汉,2号线,循礼门
天津,3号线,宜兴埠
上海,2号线,北新泾
沈阳,2号线,综合保税区
成都,1号线(科学城-韦家碾),人民北路
杭州,1号线,客运中心
北京,2号线,前门
苏州,2号线,独墅湖邻里中心
昆明,3号线,大渔路
长春,3号线,卫光街
南京,2号线,上海路
深圳,2号线/8号线,世界之窗
重庆,轨道交通3号线(空港线),观月路
宁波,2号线,聪园路
无锡,2号线,大王基
哈尔滨,3号线,城乡路
福州,4号线,鳌峰洲
佛山,3号线,镇安
南昌,3号线,梁万
青岛,2号线,麦岛
广州,2号线,江夏
西安,2号线,红会医院北区
徐州,3号线,师范大学
大连,地铁3号线支线,东山路
郑州,3号线,王砦
合肥,2号线,对河
石家庄,3号线,孙村
厦门,2号线,五缘湾
香港,港岛线,柴湾
贵阳,2号线,龙洞堡机场
南宁,3号线,邕武路
长沙,3号线,黄家湾
武汉,2号线,中山公园
天津,3号线,张兴庄
上海,2号线,淞虹路
沈阳,2号线,桃仙机场
成都,1号线(科学城-韦家碾),火车北站
杭州,1号线,乔司南
北京,2号线,和平门
苏州,2号线,月亮湾
昆明,3号线,西部汽车站
长春,3号线,卫星广场
南京,2号线,新街口
深圳,2号线/8号线,侨城北
重庆,轨道交通3号线(空港线),莲花
宁波,2号线,招宝山
无锡,2号线,河埒口
哈尔滨,3号线,工农大街
福州,4号线,光明港
佛山,3号线,桂城
南昌,3号线,火炬广场
青岛,2号线,高雄路
广州,2号线,黄边
西安,2号线,草滩
徐州,3号线,玉泉河
大连,地铁3号线支线,鸿玮澜山
郑州,3号线,兴隆铺
合肥,2号线,店埠河
石家庄,3号线,塔冢
厦门,3号线,厦门火车站
香港,观塘线,黄埔
贵阳,2号线,小碧
南宁,3号线,大鸡村
长沙,3号线,双湖
武汉,2号线,青年路
天津,3号线,铁东路
上海,2号线,虹桥2号航站楼
沈阳,4号线,正新路
成都,1号线(科学城-韦家碾),升仙湖
杭州,1号线,乔司
北京,2号线,宣武门
苏州,2号线,松涛街
昆明,3号线,眠山
长春,3号线,亚泰立交桥
南京,2号线,大行宫
深圳,2号线/8号线,深康
重庆,轨道交通3号线(空港线),举人坝
宁波,2号线,红联
无锡,2号线,小桃源
哈尔滨,3号线,医大一院群力院区
福州,4号线,前屿
佛山,3号线,西约
南昌,3号线,国威路
青岛,2号线,燕儿岛路
广州,2号线,嘉禾望岗
西安,3号线,鱼化寨
徐州,3号线,无名山公园
大连,地铁3号线支线,通世泰
郑州,3号线,同乐
合肥,2号线,排头
石家庄,3号线,东王
厦门,3号线,湖滨东路
香港,观塘线,何文田
贵阳,2号线,云盘
南宁,3号线,兴桂路
长沙,3号线,坪塘
武汉,2号线,王家墩东
天津,3号线,北站
上海,2号线,虹桥火车站
沈阳,4号线,文官街
成都,1号线(科学城-韦家碾),韦家碾
杭州,1号线,翁梅
北京,2号线,长椿街
苏州,2号线,金谷路
昆明,3号线,昌源中路
长春,3号线,伊通河
南京,2号线,西安门
深圳,2号线/8号线,安托山
重庆,3号线,鱼洞
宁波,3号线,大通桥
无锡,2号线,荣巷
哈尔滨,3号线,群力第五大道
福州,4号线,后屿
佛山,3号线,叠滘
南昌,3号线,青山湖西
青岛,2号线,浮山所
广州,3号线,海傍
西安,3号线,丈八北路
徐州,3号线,浦江路
大连,地铁3号线支线,开发区
郑州,3号线,南阳新村
合肥,2号线,肥东站
石家庄,3号线,南王
厦门,3号线,体育中心
香港,观塘线,油麻地
贵阳,2号线,中兴路
南宁,3号线,小鸡村
长沙,3号线,红桥
武汉,2号线,范湖
天津,3号线,中山路
上海,2号线,国家会展中心(2号线)
沈阳,4号线,望花
成都,2号线,犀浦
杭州,1号线,临平南高铁站
北京,2号线,复兴门
苏州,2号线,金尚路
昆明,3号线,西苑
长春,3号线,职业学院
南京,2号线,明故宫
深圳,2号线/8号线,侨香
重庆,3号线,金竹
宁波,3号线,中兴大桥南
无锡,2号线,梅园开原寺
哈尔滨,3号线,体育公园
福州,4号线,横屿
佛山,3号线,中山公园
南昌,3号线,上沙沟
青岛,2号线,五四广场
广州,3号线,海涌路
西安,3号线,延平门
徐州,3号线,焦山
大连,3号线,大连站
郑州,3号线,海滩寺
合肥,2号线,和睦湖
石家庄,3号线,位同
厦门,3号线,人才中心
香港,观塘线,旺角
贵阳,3号线,洛湾
南宁,3号线,东沟岭
长沙,3号线,桐溪
武汉,2号线,汉口火车站
天津,3号线,金狮桥
上海,3号线,江杨北路
沈阳,4号线,观泉路
成都,2号线,天河路
杭州,1号线,南苑
北京,2号线,阜成门
苏州,2号线,桑田岛
昆明,3号线,梁家河
长春,3号线,吉林广电
南京,2号线,苜蓿园
深圳,2号线/8号线,香蜜
重庆,3号线,鱼胡路
宁波,3号线,明楼
无锡,3号线,苏庙
哈尔滨,3号线,丁香公园
福州,4号线,竹屿
佛山,3号线,联和
南昌,3号线,青山路口
青岛,2号线,芝泉路
广州,3号线,石碁南
西安,3号线,科技路
徐州,3号线,钱江路
大连,3号线,香炉礁
郑州,3号线,大石桥
合肥,2号线,马桥
石家庄,3号线,东二环南路
厦门,3号线,湖里公园
香港,观塘线,太子
贵阳,3号线,东风(贵黔医院)
南宁,3号线,长堽路
长沙,3号线,大王山
武汉,2号线,长港路
天津,3号线,天津站
上海,3号线,铁力路
沈阳,4号线,北大营
成都,2号线,百草路
杭州,绍兴1号线,姑娘桥
北京,2号线,车公庄
苏州,3号线,唯亭
昆明,3号线,市体育馆
长春,3号线,会展中心
南京,2号线,下马坊
深圳,2号线/8号线,香梅北
重庆,3号线,学堂湾
宁波,3号线,体育馆
无锡,3号线,钱桥
哈尔滨,3号线,河山街
福州,4号线,三角池
佛山,3号线,孝德东
南昌,3号线,墩子塘
青岛,2号线,海信桥
广州,3号线,傍江
西安,3号线,太白南路
徐州,3号线,高新区南
大连,3号线,金家街
郑州,3号线,人民公园
合肥,2号线,南沙河
石家庄,3号线,西仰陵
厦门,3号线,华荣路
香港,观塘线,石硖尾
贵阳,3号线,师范学院
南宁,3号线,东葛路
长沙,3号线,山塘
武汉,2号线,常青花园
天津,3号线,津湾广场
上海,3号线,友谊路
沈阳,4号线,合作街
成都,2号线,金周路
杭州,绍兴1号线,衙前
北京,2号线,西直门
苏州,3号线,戈巷街
昆明,3号线,潘家湾
长春,3号线,世纪广场
南京,2号线,孝陵卫
深圳,2号线/8号线,景田
重庆,3号线,大山村
宁波,3号线,樱花公园
无锡,3号线,龙山梢
哈尔滨,3号线,河松街
福州,4号线,东门
佛山,3号线,罗村
南昌,3号线,八一馆
青岛,2号线,台东
广州,3号线,番禺广场
西安,3号线,吉祥村
徐州,3号线,银山
大连,3号线,泉水
郑州,3号线,二七广场
合肥,2号线,撮镇
石家庄,3号线,中仰陵
厦门,3号线,火炬园
香港,观塘线,九龙塘
贵阳,3号线,高新路
南宁,3号线,滨湖路
长沙,3号线,洋湖湿地
武汉,2号线,金银潭
天津,3号线,和平路
上海,3号线,宝杨路
沈阳,4号线,洮昌街
成都,2号线,金科北路
杭州,绍兴1号线,杨汛桥
北京,3号线,东四十条
苏州,3号线,葑亭大道
昆明,3号线,五一路
长春,3号线,金鑫街
南京,2号线,钟灵街
深圳,2号线/8号线,莲花西
重庆,3号线,花溪
宁波,3号线,儿童公园
无锡,3号线,石门路
哈尔滨,3号线,公路大桥
福州,4号线,省立医院
佛山,3号线,佛山西站
南昌,3号线,六眼井
青岛,2号线,利津路
广州,3号线,市桥
西安,3号线,小寨
大连,3号线,后盐
郑州,3号线,西大街
合肥,3号线,省儿童医院新区
石家庄,3号线,南豆
厦门,3号线,小东山
香港,观塘线,乐富
贵阳,3号线,新添
南宁,3号线,金湖广场
长沙,3号线,洋湖新城
武汉,2号线,常青城
天津,3号线,营口道
上海,3号线,水产路
沈阳,4号线,沈阳大学
成都,2号线,迎宾大道
杭州,绍兴1号线,前梅
北京,3号线,工人体育场
苏州,3号线,双马街
昆明,3号线,东风广场
长春,3号线,博硕路
南京,2号线,马群
深圳,2号线/8号线,福田
重庆,3号线,岔路口
宁波,3号线,仇毕
无锡,3号线,盛岸
哈尔滨,3号线,上海街
福州,4号线,东街口
佛山,3号线,兴业东路
南昌,3号线,绳金塔
青岛,2号线,泰山路
广州,3号线,汉溪长隆
西安,3号线,大雁塔
大连,3号线,大连湾
郑州,3号线,东大街
合肥,3号线,乐平
石家庄,3号线,太行南大街
厦门,3号线,安兜
香港,观塘线,黄大仙
贵阳,3号线,顺海
南宁,3号线,埌西
长沙,3号线,阳光
武汉,2号线,宏图大道
天津,3号线,西康路
上海,3号线,淞滨路
沈阳,4号线,沈阳北站
成都,2号线,茶店子客运站
杭州,绍兴1号线,钱清
北京,3号线,团结湖
苏州,3号线,丰和路
昆明,3号线,拓东体育馆
长春,3号线,金河街
南京,2号线,金马路
深圳,2号线/8号线,市民中心
重庆,3号线,九公里
宁波,3号线,钱湖北路
无锡,3号线,吴桥
哈尔滨,3号线,人民广场
福州,4号线,西门
佛山,3号线,科盛路
南昌,3号线,十字街
青岛,2号线,国际邮轮港
广州,3号线,大石
西安,3号线,北池头
大连,3号线,金马路
郑州,3号线,郑州文庙
合肥,3号线,芮祠
石家庄,3号线,乐乡
厦门,3号线,坂尚
香港,观塘线,钻石山
贵阳,3号线,茶店
南宁,3号线,青竹立交
长沙,3号线,中南大学
武汉,2号线,盘龙城
天津,3号线,吴家窑
上海,3号线,张华浜
沈阳,4号线,皇寺路
成都,2号线,羊犀立交
杭州,绍兴1号线,西沙路
北京,3号线,朝阳公园
苏州,3号线,方湾街
昆明,3号线,大树营
长春,3号线,农博园
南京,2号线,仙鹤门
深圳,2号线/8号线,岗厦北
重庆,3号线,麒龙
宁波,3号线,锦寓路
无锡,3号线,北栅口
哈尔滨,3号线,友谊宫
福州,4号线,陆庄
佛山,3号线,博爱中路
南昌,3号线,京家山
青岛,2号线,小港
广州,3号线,厦滘
西安,3号线,青龙寺
大连,3号线,开发区
郑州,3号线,博览中心
合肥,3号线,四十埠
厦门,3号线,湖里创新园
香港,观塘线,彩虹
贵阳,3号线,大营坡
南宁,3号线,青秀山
长沙,3号线,阜埠河
武汉,2号线,巨龙大道
天津,3号线,天塔
上海,3号线,淞发路
沈阳,4号线,市府大路
成都,2号线,一品天下
杭州,绍兴1号线,临杭大道
北京,3号线,石佛营
苏州,3号线,苏州园区火车站
昆明,3号线,金马寺
长春,3号线,净月潭公园
南京,2号线,学则路
深圳,2号线/8号线,华强北
重庆,3号线,八公里
宁波,3号线,四明中路
无锡,3号线,无锡火车站
哈尔滨,3号线,兆麟公园
福州,4号线,凤凰池
佛山,3号线,南海大学城
南昌,3号线,江铃
青岛,2号线,四川路(轮渡)
广州,3号线,沥滘
西安,3号线,延兴门
大连,3号线,保税区
郑州,3号线,凤凰台
合肥,3号线,李湾
厦门,3号线,五缘湾
香港,观塘线,九龙湾
贵阳,3号线,贵医
南宁,3号线,市博物馆
长沙,3号线,灵官渡
武汉,2号线,宋家岗
天津,3号线,周邓纪念馆
上海,3号线,长江南路
沈阳,4号线,太原街
成都,2号线,蜀汉路东
杭州,绍兴1号线,鉴水路
北京,3号线,朝阳站
苏州,3号线,跨塘
昆明,3号线,太平村
长春,3号线,紫杉路
南京,2号线,仙林中心
深圳,2号线/8号线,燕南
重庆,3号线,重庆交通大学
宁波,3号线,鄞州区政府
无锡,3号线,广瑞
哈尔滨,3号线,北马路
福州,5号线,荆溪厚屿
佛山,3号线,佛山大学
南昌,3号线,施尧
青岛,3号线,青岛北站
广州,3号线,大塘
西安,3号线,咸宁路
大连,3号线,双D港
郑州,3号线,东十里铺
合肥,3号线,凉亭
厦门,3号线,国际博览中心
香港,观塘线,牛头角
贵阳,3号线,北京路
南宁,3号线,总部基地
长沙,3号线,侯家塘
武汉,2号线,航空总部
天津,3号线,红旗南路
上海,3号线,殷高西路
沈阳,4号线,南五马路
成都,2号线,白果林
杭州,绍兴1号线,越州大道
北京,3号线,姚家园
苏州,3号线,唐庄
昆明,3号线,虹桥
长春,3号线,宝相街
南京,2号线,羊山公园
深圳,2号线/8号线,大剧院
重庆,3号线,六公里
宁波,3号线,南部商务区
无锡,3号线,靖海
哈尔滨,3号线,中华巴洛克街区
福州,5号线,农林大学
佛山,7号线,燕山
南昌,3号线,八大山人
青岛,3号线,永平路
广州,3号线,客村
西安,3号线,长乐公园
大连,3号线,小窑湾
郑州,3号线,通泰路
合肥,3号线,安医一附院南区
厦门,3号线,东界
香港,观塘线,观塘
贵阳,3号线,黔灵山公园
南宁,3号线,广西规划馆
长沙,3号线,东塘
武汉,2号线,天河机场
天津,3号线,王顶堤
上海,3号线,江湾镇
沈阳,4号线,砂阳
成都,2号线,中医大·省医院
杭州,绍兴1号线,中国轻纺城
北京,3号线,东坝南
苏州,3号线,倪浜·阳澄数谷
昆明,3号线,东部汽车站
长春,3号线,滑雪场
南京,2号线,南大仙林校区
深圳,2号线/8号线,湖贝
重庆,3号线,重庆工商大学
宁波,3号线,鄞州客运总站
无锡,3号线,东风
哈尔滨,3号线,清真寺
福州,5号线,洪塘
佛山,7号线,水西
南昌,3号线,邓埠
青岛,3号线,振华路
广州,3号线,广州塔
西安,3号线,通化门
大连,3号线,金石滩
郑州,3号线,西周
合肥,3号线,幸福坝
厦门,3号线,洪坑
香港,观塘线,蓝田
贵阳,3号线,延安西路
南宁,3号线,庆歌路
长沙,3号线,桂花公园
武汉,3号线,沌阳大道
天津,3号线,华苑
上海,3号线,大柏树
沈阳,4号线,南京桥
成都,2号线,通惠门
杭州,绍兴1号线,明珠广场
北京,3号线,东坝
苏州,3号线,烟雨桥
昆明,4号线,金川路
长春,3号线,长影世纪城
南京,2号线,经天路
深圳,2号线/8号线,黄贝岭
重庆,3号线,四公里
宁波,3号线,句章路
无锡,3号线,叙丰
哈尔滨,3号线,靖宇公园
福州,5号线,阵坂
佛山,7号线,萝岗
南昌,3号线,复兴大道东
青岛,3号线,君峰路
广州,3号线,珠江新城
西安,3号线,胡家庙
大连,5号线,后关
郑州,3号线,东周
合肥,3号线,安大磬苑校区
厦门,3号线,林前
香港,观塘线,油塘
贵阳,3号线,松花路
南宁,3号线,五象湖
长沙,3号线,阿弥岭
武汉,3号线,东风公司
武汉,3号线,体育中心
上海,3号线,赤峰路
沈阳,4号线,长白岛
成都,2号线,人民公园
杭州,绍兴1号线,瓜渚湖
北京,3号线,东坝北
苏州,3号线,东方之门
昆明,4号线,大河埂
长春,4号线,天新路
南京,S3号线(宁和线),高家冲
深圳,2号线/8号线,新秀
重庆,3号线,南坪
宁波,3号线,高塘桥
无锡,3号线,太湖花园
哈尔滨,3号线,太平桥
福州,5号线,马榕
佛山,7号线,科丰路
南昌,3号线,沥山
青岛,3号线,李村
广州,3号线,体育西路
西安,3号线,石家街
大连,5号线,后盐
郑州,3号线,省骨科医院
合肥,3号线,工大翡翠湖校区
厦门,3号线,鼓锣
香港,观塘线,调景岭
贵阳,3号线,花果园
南宁,3号线,平良立交
长沙,3号线,朝阳村
天津,3号线,大学城
武汉,3号线,三角湖
上海,3号线,虹口足球场
沈阳,4号线,长白南
成都,2号线,天府广场
杭州,绍兴1号线,镜水路
北京,4号线大兴线,天宫院
苏州,3号线,李公堤西
昆明,4号线,海屯路
长春,4号线,前十里堡
南京,S3号线(宁和线),林山
深圳,2号线/8号线,莲塘口岸
重庆,3号线,工贸
宁波,3号线,姜山
无锡,3号线,新光路
哈尔滨,3号线,大有坊街
福州,5号线,金山
佛山,7号线,加庄
南昌,3号线,柏岗
青岛,3号线,万年泉路
广州,3号线,石牌桥
西安,3号线,辛家庙
大连,5号线,龙华路
郑州,3号线,圃田西
合肥,3号线,大学城北
厦门,3号线,翔安市民公园
香港,机场快线,香港
贵阳,3号线,五里冲
南宁,4号线,洪运路
长沙,3号线,长沙火车站
天津,3号线,高新区
武汉,3号线,汉阳客运站
上海,3号线,东宝兴路
沈阳,4号线,金仓路
成都,2号线,春熙路
杭州,绍兴1号线,黄酒小镇
北京,4号线大兴线,生物医药基地
苏州,3号线,金厍桥
昆明,4号线,小屯
长春,4号线,天普路
南京,S3号线(宁和线),桥林新城
深圳,2号线/8号线,仙湖路
重庆,3号线,铜元局
宁波,3号线,狮山
无锡,3号线,旺庄路
哈尔滨,3号线,市第二医院
福州,5号线,凤岗里
佛山,7号线,姬堂
南昌,3号线,斗门
青岛,3号线,海尔路
广州,3号线,岗顶
西安,3号线,广泰门
大连,5号线,泉水东
郑州,3号线,营岗
合肥,3号线,繁华大道
厦门,3号线,浦边
香港,机场快线,九龙
贵阳,3号线,太慈桥
南宁,4号线,那历村
长沙,3号线,烈士公园东
天津,3号线,学府工业区
武汉,3号线,四新大道
上海,3号线,宝山路
沈阳,4号线,云杉路
成都,2号线,东门大桥
杭州,绍兴1号线,张墅
北京,4号线大兴线,义和庄
苏州,3号线,东振路
昆明,4号线,金鼎山北路
长春,4号线,天青路
南京,S3号线(宁和线),石碛河
深圳,2号线/8号线,莲塘
重庆,3号线,两路口
宁波,3号线,明辉路
无锡,3号线,黄山路
哈尔滨,3号线,海河东路
福州,5号线,浦上大道
佛山,7号线,大沙东
南昌,3号线,银三角北
青岛,3号线,地铁大厦
广州,3号线,华师
西安,3号线,桃花潭
大连,5号线,中华东路
郑州,3号线,潮河
合肥,3号线,安医大二附院
厦门,3号线,后村
香港,机场快线,青衣
贵阳,3号线,皂角井
南宁,4号线,那洪立交
长沙,3号线,丝茅冲
天津,3号线,杨伍庄
武汉,3号线,陶家岭
上海,3号线,上海火车站
沈阳,4号线,红椿路
成都,2号线,牛王庙
杭州,绍兴1号线,奥体中心
北京,4号线大兴线,黄村火车站
苏州,3号线,墅浦路北
昆明,4号线,苏家塘
长春,4号线,福祉大路
南京,S3号线(宁和线),双垅
深圳,2号线/8号线,梧桐山南
重庆,3号线,牛角沱
宁波,3号线,朝阳
无锡,3号线,高浪东路
哈尔滨,3号线,会展中心
福州,5号线,霞镜
佛山,7号线,裕丰围
南昌,4号线,白马山
青岛,3号线,长沙路
广州,3号线,五山
西安,3号线,浐灞中心
大连,5号线,甘北路
郑州,3号线,滨河新城
合肥,3号线,省博物院
厦门,3号线,蔡厝
香港,机场快线,机场
贵阳,3号线,四方河(省中医院)
南宁,4号线,金阳路
长沙,3号线,四方坪·双拥
天津,3号线,南站
武汉,3号线,龙阳村
上海,3号线,中潭路
沈阳,4号线,城建学院
成都,2号线,牛市口
杭州,绍兴1号线,梅山广场
北京,4号线大兴线,黄村西大街
苏州,3号线,通园路南
昆明,4号线,小菜园
长春,4号线,天工路
南京,S3号线(宁和线),兰花塘
深圳,2号线/8号线,沙头角
重庆,3号线,华新街
宁波,3号线,方桥
无锡,3号线,周泾巷
哈尔滨,3号线,湘江路
福州,5号线,东岭
佛山,7号线,长洲
南昌,4号线,裕丰街
青岛,3号线,双山
广州,3号线,天河客运站
西安,3号线,香湖湾
大连,5号线,甘井子街
郑州,3号线,司赵
合肥,3号线,图书馆
香港,机场快线,博览馆
贵阳,3号线,甘荫塘
南宁,4号线,通源路
长沙,3号线,雅雀湖
天津,4号线,东南角
武汉,3号线,王家湾
上海,3号线,镇坪路
沈阳,4号线,沈阳南站
成都,2号线,东大路
杭州,绍兴1号线,凤林
北京,4号线大兴线,清源路
苏州,3号线,北港路
昆明,4号线,火车北站
长春,4号线,宜盛街
南京,S3号线(宁和线),马骡圩
深圳,2号线/8号线,海山
重庆,3号线,观音桥
重庆,3号线,红旗河沟
重庆,3号线,嘉州路
哈尔滨,3号线,珠江路
福州,5号线,台屿
佛山,7号线,深井
南昌,4号线,璜溪
青岛,3号线,清江路
广州,3号线,机场北(2号航站楼)
广州,3号线,机场南(1号航站楼)
大连,5号线,梭鱼湾
郑州,3号线,滨河新城南
郑州,4号线,老鸦陈
香港,将军澳线(北角-康城),康城
贵阳,3号线,中曹司
南宁,4号线,大沙田
长沙,3号线,长沙大学
天津,4号线,金街
武汉,3号线,宗关
上海,3号线,曹杨路
沈阳,4号线,创新路
成都,2号线,塔子山公园
杭州,绍兴1号线,大滩
北京,4号线大兴线,枣园
苏州,3号线,迎春路
昆明,4号线,白龙路
长春,4号线,南环城路
南京,S3号线(宁和线),刘村
深圳,2号线/8号线,盐田港西
宁波,3号线,琎琳
无锡,3号线,无锡新区站
重庆,3号线,郑家院子
哈尔滨,3号线,公滨路
福州,5号线,盘屿
佛山,7号线,大学城南
南昌,4号线,中堡
青岛,3号线,错埠岭
西安,3号线,务庄
广州,3号线,高增
大连,5号线,梭鱼湾南
合肥,3号线,合肥大剧院
郑州,4号线,省体育中心
香港,将军澳线(北角-康城),将军澳
贵阳,3号线,十里河滩
南宁,4号线,金象大道
长沙,3号线,月湖公园北
天津,4号线,和平路
武汉,3号线,双墩
上海,3号线,金沙江路
沈阳,9号线,怒江公园
成都,2号线,成都东客站
杭州,绍兴1号线,火车站
北京,4号线大兴线,高米店南
苏州,3号线,宝带路
昆明,4号线,大树营
长春,4号线,世荣路
南京,S3号线(宁和线),天保
深圳,2号线/8号线,深外高中
宁波,3号线,南渡
无锡,3号线,长江南路
重庆,3号线,唐家院子
哈尔滨,3号线,油坊街
福州,5号线,吴山
佛山,7号线,板桥
南昌,4号线,礼庄山
青岛,3号线,敦化路
西安,3号线,国际港务区
广州,3号线,人和
大连,5号线,大连站
合肥,3号线,市政务中心
郑州,4号线,北二十里铺
香港,将军澳线(北角-康城),调景岭
贵阳,3号线,孔学堂
南宁,4号线,五象岭
长沙,3号线,湘龙
天津,4号线,徐州道
武汉,3号线,武汉商务区
上海,3号线,中山公园
沈阳,9号线,淮河街沈医二院
成都,2号线,成渝立交
杭州,绍兴1号线,城市广场
北京,4号线大兴线,高米店北
苏州,3号线,盘蠡路
昆明,4号线,菊花村
长春,4号线,职业学院
南京,S3号线(宁和线),高庙路
深圳,2号线/8号线,盐田路
宁波,3号线,大成东路
无锡,3号线,硕放机场
重庆,3号线,狮子坪
哈尔滨,3号线,汽轮机厂
福州,5号线,盖山竹榄
佛山,7号线,员岗
南昌,4号线,西站南广场
青岛,3号线,宁夏路
西安,3号线,双寨
广州,3号线,龙归
大连,5号线,青泥洼桥
合肥,3号线,洪岗
郑州,4号线,丰庆路
香港,将军澳线(北角-康城),油塘
贵阳,3号线,贵州大学
南宁,4号线,玉象路
长沙,3号线,星沙
天津,4号线,六纬路
武汉,3号线,云飞路
上海,3号线,延安西路
沈阳,9号线,皇姑屯站
成都,2号线,惠王陵
杭州,绍兴1号线,鲁迅故里
北京,4号线大兴线,西红门
苏州,3号线,新郭
昆明,4号线,菊华
长春,4号线,北海路
南京,S3号线(宁和线),吴侯街
深圳,2号线/8号线,鸿安围
宁波,3号线,金海路
无锡,4号线,刘潭
重庆,3号线,重庆北站南广场
福州,5号线,义序
佛山,7号线,南村万博
南昌,4号线,怀玉山大道
青岛,3号线,江西路
西安,3号线,新筑
广州,3号线,嘉禾望岗
大连,5号线,劳动公园
合肥,3号线,国防科技大学
郑州,4号线,张家村
香港,将军澳线(北角-康城),鲗鱼涌
贵阳,3号线,花溪公园
南宁,4号线,总部基地
长沙,3号线,松雅湖(南)
天津,4号线,成林道
武汉,3号线,范湖
上海,3号线,虹桥路
沈阳,9号线,重型文化广场
成都,2号线,洪河
杭州,绍兴1号线,城南大道
北京,4号线大兴线,新宫
苏州,3号线,石湖北
昆明,4号线,和甸营
长春,4号线,威海路
南京,S3号线(宁和线),平良大街
深圳,2号线/8号线,盐田墟
宁波,4号线,慈城
无锡,4号线,广石路
重庆,3号线,龙头寺
福州,5号线,帝封江
佛山,7号线,汉溪长隆
南昌,4号线,安丰
青岛,3号线,五四广场
西安,3号线,保税区
广州,3号线,白云大道北
大连,5号线,石葵路
合肥,3号线,西七里塘
郑州,4号线,陈寨东
香港,将军澳线(北角-康城),北角
贵阳,3号线,学士路
南宁,4号线,飞龙路
长沙,3号线,星沙文体中心
天津,4号线,泰昌路
武汉,3号线,菱角湖
上海,3号线,宜山路
沈阳,9号线,北二路
成都,2号线,成都行政学院
杭州,绍兴1号线,凤凰山
北京,4号线大兴线,公益西桥
苏州,3号线,横塘
昆明,4号线,牛街庄
长春,4号线,浦东路
南京,S3号线(宁和线),永初路
深圳,2号线/8号线,大梅沙
宁波,4号线,官山河
无锡,4号线,黄巷
重庆,3号线,童家院子
福州,5号线,螺洲古镇
佛山,7号线,钟村
南昌,4号线,东新
青岛,3号线,延安三路
西安,4号线,西安北站
广州,3号线,永泰
大连,5号线,青云街
合肥,3号线,南新庄
郑州,4号线,沙门
香港,将军澳线(寶琳-北角),北角
贵阳,3号线,明珠大道
南宁,4号线,体育中心西
长沙,3号线,螺丝塘
天津,4号线,万东路
武汉,3号线,香港路
上海,3号线,漕溪路
沈阳,9号线,铁西广场
成都,2号线,大面铺
杭州,绍兴1号线,劳家葑
北京,4号线大兴线,角门西
苏州,3号线,横山
昆明,4号线,朱家村
长春,4号线,海口路
南京,S3号线(宁和线),油坊桥
深圳,2号线/8号线,小梅沙
宁波,4号线,长兴路
无锡,4号线,盛岸
重庆,3号线,金渝
福州,5号线,前锦
佛山,7号线,谢村
南昌,4号线,新洪城大市场
青岛,3号线,太平角公园
西安,4号线,元朔路
广州,3号线,同和
大连,5号线,桃源
合肥,3号线,合肥西站
郑州,4号线,杨君刘
香港,将军澳线(寶琳-北角),鲗鱼涌
贵阳,3号线,花溪南站
南宁,4号线,体育中心东
长沙,3号线,广生
天津,4号线,沙柳南路
武汉,3号线,惠济二路
上海,3号线,龙漕路
沈阳,9号线,兴华公园
成都,2号线,连山坡
杭州,绍兴1号线,南池
北京,4号线大兴线,马家堡
苏州,3号线,索山桥西
昆明,4号线,羊甫头
长春,4号线,公平路
南京,S3号线(宁和线),贾西
深圳,3号线/龙岗线,福保
宁波,4号线,金山路
无锡,4号线,惠山古镇
重庆,3号线,金童路
福州,5号线,龙江
佛山,7号线,石壁
南昌,4号线,丁家洲
青岛,3号线,中山公园
西安,4号线,凤城十二路
广州,3号线,京溪南方医院
大连,5号线,秀月街
合肥,3号线,杏花村
郑州,4号线,森林公园北
香港,将军澳线(寶琳-北角),油塘
贵阳,3号线,浪风关
南宁,4号线,良庆大桥南
长沙,4号线,罐子岭
天津,4号线,登州南路
武汉,3号线,赵家条
上海,3号线,石龙路
沈阳,9号线,沈辽路
成都,2号线,界牌
杭州,绍兴1号线,栖湖
北京,4号线大兴线,北京南站
苏州,3号线,沙金桥
昆明,4号线,玉缘路
长春,4号线,吉林大路
南京,S3号线(宁和线),春江路
深圳,3号线/龙岗线,益田
宁波,4号线,奥体中心
无锡,4号线,青山湾荣院
重庆,3号线,鸳鸯
福州,5号线,福州火车南站
佛山,7号线,广州南站
南昌,4号线,观洲
青岛,3号线,汇泉广场
西安,4号线,凤城九路
广州,3号线,梅花园
大连,5号线,虎滩公园
合肥,3号线,四泉桥
郑州,4号线,清华附中
香港,将军澳线(寶琳-北角),调景岭
贵阳,3号线,桐木岭(省委党校)
南宁,4号线,良庆圩
长沙,4号线,月亮岛西
天津,4号线,跃进北路
武汉,3号线,罗家庄
上海,3号线,上海南站
沈阳,9号线,滑翔
成都,2号线,书房
杭州,绍兴1号线,芳泉
北京,4号线大兴线,陶然亭
苏州,3号线,狮山路
昆明,4号线,广卫
长春,4号线,东新路
南京,S3号线(宁和线),铁心桥
深圳,3号线/龙岗线,石厦
宁波,4号线,洪塘中路
无锡,4号线,河埒口
重庆,3号线,园博园
福州,6号线,潘墩
佛山,7号线,大洲
南昌,4号线,云天路
青岛,3号线,人民会堂
西安,4号线,文景路
广州,3号线,燕塘
大连,5号线,虎滩新区
合肥,3号线,郑河
郑州,4号线,龙湖中环北
香港,将军澳线(寶琳-北角),将军澳
南宁,4号线,楞塘村
长沙,4号线,湘江新城
天津,4号线,航双路
武汉,3号线,二七小路
上海,4号线,宜山路
沈阳,9号线,吉力湖街
成都,2号线,龙平路
杭州,2号线,朝阳
北京,4号线大兴线,菜市口
苏州,3号线,狮子山
昆明,4号线,塔密
长春,4号线,东大桥
南京,S3号线(宁和线),景明佳园
深圳,3号线/龙岗线,购物公园
宁波,4号线,洪大路
无锡,4号线,西园弄
重庆,3号线,翠云
福州,6号线,林浦
佛山,7号线,陈村北
南昌,4号线,灌婴路
青岛,3号线,青岛站
西安,4号线,行政中心
广州,3号线,广州东站
大连,12号线,河口
合肥,3号线,海棠
郑州,4号线,龙湖北
香港,将军澳线(寶琳-北角),坑口
南宁,5号线,国凯大道
长沙,4号线,汉王陵公园
天津,4号线,民航大学
武汉,3号线,兴业路
上海,4号线,虹桥路
沈阳,9号线,大通湖街
成都,2号线,龙泉驿
杭州,2号线,曹家桥
北京,4号线大兴线,宣武门
苏州,3号线,何山
昆明,4号线,斗南
长春,4号线,伪满皇宫
南京,S3号线(宁和线),南京南站
深圳,3号线/龙岗线,福田
宁波,4号线,庄桥火车站
无锡,4号线,体育中心
重庆,3号线,长福路
福州,6号线,樟岚
佛山,7号线,陈村
南昌,4号线,南昌大桥东
青岛,4号线,人民会堂
西安,4号线,市中医医院
广州,3号线,林和西
大连,12号线,蔡大岭
合肥,3号线,一里井
郑州,4号线,金融岛北
香港,将军澳线(寶琳-北角),宝琳
南宁,5号线,那洪立交
长沙,4号线,福元大桥西
天津,4号线,新兴村
武汉,3号线,后湖大道
上海,4号线,延安西路
沈阳,9号线,曹仲
成都,S3(资阳)线,福田
杭州,2号线,潘水
北京,4号线大兴线,西单
苏州,3号线,西津桥
昆明,4号线,金桂街
长春,4号线,北亚泰大街
南京,3号线,秣周东路
深圳,3号线/龙岗线,少年宫
宁波,4号线,丽江路
无锡,4号线,夏家边
重庆,3号线,回兴
福州,6号线,梁厝
佛山,7号线,锦龙
南昌,4号线,桃苑
青岛,4号线,信号山(青大附院)
西安,4号线,常青路
广州,3号线,体育西路
大连,12号线,黄泥川
合肥,3号线,淮南路
郑州,4号线,金融岛南
香港,南港岛线,金钟
南宁,5号线,金凯路
长沙,4号线,茶子山
天津,5号线,京华东道
武汉,3号线,市民之家
上海,4号线,中山公园
沈阳,9号线,浑河站
成都,S3(资阳)线,芦葭
杭州,2号线,人民路
北京,4号线大兴线,灵境胡同
苏州,3号线,马运路
昆明,4号线,梅子村
长春,4号线,长春站北
南京,3号线,东大九龙湖校区
深圳,3号线/龙岗线,莲花村
宁波,4号线,双东路
无锡,4号线,蠡湖大桥
重庆,3号线,双龙
福州,6号线,下洋
佛山,7号线,南涌
佛山,7号线,美的
青岛,4号线,观象山(市立医院)
西安,4号线,百花村
广州,4号线,黄村
大连,12号线,龙王塘
合肥,3号线,鸭林冲
郑州,4号线,龙湖南
香港,南港岛线,海洋公园
南宁,5号线,江南公园
长沙,4号线,观沙岭
天津,5号线,李七庄南
武汉,3号线,宏图大道
上海,4号线,金沙江路
沈阳,9号线,胜利南街
成都,S3(资阳)线,资阳临空
杭州,2号线,杭发厂
北京,4号线大兴线,西四
苏州,3号线,铜墩
昆明,4号线,古城
长春,6号线,双丰
南京,3号线,诚信大道
深圳,3号线/龙岗线,华新
宁波,4号线,翠柏里
无锡,4号线,大剧院
重庆,3号线,碧津
福州,6号线,营前
南昌,4号线,绳金塔
佛山,7号线,北滘公园
青岛,4号线,泰山路
西安,4号线,余家寨
广州,4号线,车陂
大连,12号线,塔河湾
合肥,3号线,合肥火车站
郑州,4号线,龙湖中环南
香港,南港岛线,黄竹坑
南宁,5号线,周家坡
长沙,4号线,六沟垅
天津,5号线,中医一附院
武汉,4号线,柏林
上海,4号线,曹杨路
沈阳,9号线,长白南
成都,S3(资阳)线,幸福大道
杭州,2号线,人民广场
北京,4号线大兴线,平安里
苏州,3号线,长亭
昆明,4号线,可乐村
长春,6号线,长春西站
南京,3号线,九龙湖
深圳,3号线/龙岗线,通新岭
宁波,4号线,大卿桥
无锡,4号线,五湖大道
重庆,3号线,江北机场T2航站楼
福州,6号线,航城
南昌,4号线,坛子口
佛山,7号线,美的大道
青岛,4号线,昌乐路
西安,4号线,大明宫北
广州,4号线,车陂南
大连,12号线,旅顺
合肥,3号线,竹丝滩
郑州,4号线,农业东路
香港,南港岛线,利东
南宁,5号线,五一立交
长沙,4号线,望月湖
天津,5号线,昌凌路
武汉,4号线,新庙村
上海,4号线,镇坪路
沈阳,9号线,榆树台
成都,S3(资阳)线,苌弘广场
杭州,2号线,建设一路
北京,4号线大兴线,新街口
苏州,3号线,文昌路
昆明,4号线,祥丰街
长春,6号线,腾跃街
南京,3号线,天元西路
深圳,3号线/龙岗线,红岭
宁波,4号线,柳西
无锡,4号线,周新苑
重庆,4号线,黄岭
福州,6号线,郑和
南昌,4号线,丁公路南
佛山,广佛线,新城东
青岛,4号线,海泊河公园
西安,4号线,大明宫
广州,4号线,万胜围
大连,12号线,铁山
合肥,3号线,方庙
郑州,4号线,中央商务区
香港,南港岛线,海怡半岛
南宁,5号线,新秀公园
长沙,4号线,溁湾镇
天津,5号线,凌宾路
武汉,4号线,临嶂大道
上海,4号线,中潭路
沈阳,9号线,金阳大街
成都,S3(资阳)线,宝台
杭州,2号线,建设三路
北京,4号线大兴线,西直门
苏州,3号线,惠昌路
昆明,4号线,牛头山
长春,6号线,支农大街
南京,3号线,胜太西路
深圳,3号线/龙岗线,老街
宁波,4号线,宁波火车站
无锡,4号线,市民中心
重庆,4号线,石船
福州,6号线,十洋
南昌,4号线,丁公路北
佛山,广佛线,东平
青岛,4号线,海泊桥(海慈医疗)
西安,4号线,含元殿
广州,4号线,官洲
大连,12号线,旅顺新港
合肥,3号线,窦桥湾
郑州,4号线,会展中心
香港,屯马线,屯门
南宁,5号线,广西大学
长沙,4号线,湖南师大
天津,5号线,体育中心
武汉,4号线,蔡甸广场
上海,4号线,上海火车站
沈阳,9号线,彩霞街
成都,S3(资阳)线,资阳北站
杭州,2号线,振宁路
北京,4号线大兴线,动物园
苏州,3号线,苏州新区火车站
昆明,4号线,联大街
长春,6号线,飞跃广场
南京,3号线,宏运大道
深圳,3号线/龙岗线,晒布
宁波,4号线,兴宁桥西
无锡,4号线,吴都路
重庆,4号线,桐梓林
福州,6号线,吴航
南昌,4号线,人民公园
佛山,广佛线,世纪莲
青岛,4号线,西吴家村
西安,4号线,西安站
广州,4号线,大学城北
大连,13号线,普兰店振兴街
合肥,3号线,新海大道
郑州,4号线,商鼎路
香港,屯马线,兆康
南宁,5号线,秀灵路
长沙,4号线,湖南大学
天津,5号线,肿瘤医院
武汉,4号线,凤凰路
上海,4号线,宝山路
沈阳,9号线,奥体中心
成都,3号线,成都医学院(新都校区)
杭州,2号线,飞虹路
北京,4号线大兴线,国家图书馆
苏州,4号线,龙道浜
昆明,4号线,吴家营
长春,6号线,欧亚卖场
南京,3号线,南京南站
深圳,3号线/龙岗线,翠竹
宁波,4号线,兴宁桥东
无锡,4号线,丰润道
重庆,4号线,普福
福州,6号线,鹤上
南昌,4号线,上沙沟
佛山,广佛线,澜石
青岛,4号线,错埠岭
西安,4号线,五路口
广州,4号线,大学城南
大连,13号线,普兰店开发区
合肥,3号线,勤劳村
郑州,4号线,东十里铺
香港,屯马线,天水围
南宁,5号线,明秀路
长沙,4号线,阜埠河
天津,5号线,天津宾馆
武汉,4号线,新农
上海,4号线,海伦路
沈阳,9号线,天成街
成都,3号线,石油大学
杭州,2号线,盈丰路
北京,4号线大兴线,魏公村
苏州,4号线,张庄
昆明,4号线,昆明南火车站
长春,6号线,光谷大街
南京,3号线,明发广场
深圳,3号线/龙岗线,田贝
宁波,4号线,白鹤
无锡,4号线,博览中心
重庆,4号线,高石塔
福州,6号线,沙京
南昌,4号线,起凤路
佛山,广佛线,魁奇路
青岛,4号线,福辽立交桥
西安,4号线,大差市
广州,4号线,新造
大连,13号线,海湾高中
合肥,3号线,文浍苑
郑州,4号线,货站街
香港,屯马线,朗屏
南宁,5号线,北湖南路
长沙,4号线,碧沙湖
天津,5号线,文化中心
武汉,4号线,知音
上海,4号线,临平路
沈阳,9号线,朗日街
成都,3号线,钟楼
杭州,2号线,钱江世纪城
北京,4号线大兴线,人民大学
苏州,4号线,姚祥
昆明,5号线,世博园
长春,6号线,硅谷广场
南京,3号线,大明路
深圳,3号线/龙岗线,水贝
宁波,4号线,儿童公园
重庆,4号线,龙兴
福州,6号线,莲花
南昌,4号线,七里
佛山,广佛线,季华园
青岛,4号线,洪山坡(妇儿医院)
西安,4号线,和平门
广州,4号线,石碁
大连,13号线,大医三院
合肥,3号线,幼儿师范
郑州,4号线,七里河
香港,屯马线,元朗
南宁,5号线,虎邱
长沙,4号线,黄土岭
天津,5号线,西南楼
武汉,4号线,集贤
上海,4号线,大连路
上海,4号线,杨树浦路
成都,3号线,马超西路
杭州,2号线,钱江路
北京,4号线大兴线,海淀黄庄
苏州,4号线,活力岛
昆明,5号线,白龙寺
长春,6号线,百花园
南京,3号线,卡子门
深圳,3号线/龙岗线,草埔
宁波,4号线,矮柳
重庆,4号线,龙驿大道
福州,6号线,下吴
南昌,4号线,民园路西
佛山,广佛线,同济路
青岛,4号线,劲松三路
西安,4号线,建筑科技大学·李家村
广州,4号线,海傍
大连,13号线,长店堡
合肥,3号线,职教城
郑州,4号线,果树所
香港,屯马线,锦上路
南宁,5号线,狮山公园
长沙,4号线,砂子塘
天津,5号线,下瓦房
武汉,4号线,新天
沈阳,9号线,长青南街
上海,4号线,浦东大道
成都,3号线,团结新区
杭州,2号线,庆春广场
北京,4号线大兴线,中关村
苏州,4号线,孙武纪念园
昆明,5号线,石闸
长春,6号线,市法院
南京,3号线,雨花门
深圳,3号线/龙岗线,布吉
宁波,4号线,潘火路
重庆,4号线,三板溪
福州,6号线,壶井
南昌,4号线,火炬
佛山,广佛线,祖庙
青岛,4号线,埠西
西安,4号线,西安科技大学
广州,4号线,低涌
大连,13号线,石河北海
合肥,3号线,职教城东
郑州,4号线,金岱
香港,屯马线,荃湾西
南宁,5号线,小鸡村
长沙,4号线,赤岗岭
天津,5号线,直沽
武汉,4号线,黄金口
沈阳,9号线,建筑大学
上海,4号线,世纪大道
成都,3号线,锦水河
杭州,2号线,庆菱路
北京,4号线大兴线,北京大学东门
苏州,4号线,平泷路西
昆明,5号线,穿金路
长春,6号线,兰桡湖公园
南京,3号线,武定门
深圳,3号线/龙岗线,木棉湾
宁波,4号线,嵩江东路
重庆,4号线,复盛
福州,6号线,万寿
南昌,4号线,北沥
佛山,广佛线,普君北路
青岛,4号线,大埠东
西安,4号线,大雁塔
广州,4号线,东涌
大连,13号线,普湾体育场
合肥,3号线,相城路
郑州,4号线,姚庄
香港,屯马线,美孚
南宁,5号线,邕宾立交
长沙,4号线,树木岭
天津,5号线,津塘路
武汉,4号线,孟家铺
沈阳,10号线,丁香湖
上海,4号线,向城路
成都,3号线,三河场
杭州,2号线,建国北路
北京,4号线大兴线,圆明园
苏州,4号线,苏锦
昆明,5号线,火车北站
长春,6号线,轨道集团
南京,3号线,夫子庙
深圳,3号线/龙岗线,大芬
宁波,4号线,南高教园区
重庆,4号线,石河清
南昌,4号线,科技城
佛山,广佛线,朝安
青岛,4号线,辽阳东路
西安,4号线,大唐芙蓉园
广州,4号线,庆盛
大连,13号线,石河黄旗
合肥,4号线,青龙岗
郑州,4号线,郎庄
香港,屯马线,南昌
南宁,5号线,降桥
长沙,4号线,圭塘
天津,5号线,成林道
天津,5号线,靖江路
沈阳,10号线,元江街
上海,4号线,蓝村路
成都,3号线,金华寺东路
杭州,2号线,中河北路
北京,4号线大兴线,西苑
苏州,4号线,苏州火车站
昆明,5号线,圆通山
长春,6号线,新明街
南京,3号线,常府街
深圳,3号线/龙岗线,丹竹头
宁波,4号线,金达南路
重庆,4号线,雁坪
南昌,4号线,鱼尾洲
佛山,广佛线,桂城
青岛,4号线,董家下庄
西安,4号线,曲江池西
广州,4号线,黄阁汽车城
大连,13号线,三十里堡
合肥,4号线,合肥七中
郑州,5号线,月季公园
香港,屯马线,柯士甸
南宁,5号线,金桥客运站
长沙,4号线,沙湾公园
武汉,4号线,永安堂
天津,5号线,幸福公园
沈阳,10号线,向工街
上海,4号线,塘桥
成都,3号线,植物园
杭州,2号线,凤起路
北京,4号线大兴线,北宫门
苏州,4号线,北寺塔
昆明,5号线,华山西路
长春,6号线,华庆路
南京,3号线,大行宫
深圳,3号线/龙岗线,六约
宁波,4号线,小洋江
重庆,4号线,鱼嘴
佛山,广佛线,南桂路
青岛,4号线,科苑经七路
西安,4号线,金滹沱
广州,4号线,黄阁
大连,13号线,二十里堡
合肥,4号线,量子科学中心
郑州,5号线,沙口路
香港,屯马线,尖东
长沙,4号线,粟塘
武汉,4号线,玉龙路
天津,5号线,月牙河
沈阳,10号线,塔湾街
上海,4号线,南浦大桥
成都,3号线,军区总医院(熊猫基地西大门)
杭州,2号线,武林门
北京,4号线大兴线,安河桥北
苏州,4号线,察院场
昆明,5号线,五一路
昆明,5号线,弥勒寺
昆明,5号线,严家地
深圳,3号线/龙岗线,塘坑
宁波,4号线,东钱湖
重庆,4号线,果园物流枢纽
佛山,广佛线,礌岗
青岛,4号线,张村
西安,4号线,航天大道
广州,4号线,蕉门
大连,13号线,十三里
合肥,4号线,科大先研院
郑州,5号线,海滩寺
香港,屯马线,红磡
长沙,4号线,平阳
武汉,4号线,王家湾
天津,5号线,金钟河大街
沈阳,10号线,淮河街沈医二院
上海,4号线,西藏南路
成都,3号线,熊猫大道(熊猫基地南大门)
杭州,2号线,沈塘桥
北京,5号线,宋家庄
苏州,4号线,乐桥
长春,6号线,南溪湿地公园
南京,3号线,浮桥
昆明,5号线,金兰路
深圳,3号线/龙岗线,横岗
宁波,5号线,骆驼桥
重庆,4号线,鹿栖
佛山,广佛线,千灯湖
青岛,4号线,彭家庄
西安,4号线,飞天路
广州,4号线,金洲
大连,13号线,九里
合肥,4号线,北雁湖
郑州,5号线,郑州人民医院
香港,屯马线,何文田
长沙,4号线,长沙火车南站
武汉,4号线,十里铺
天津,5号线,建昌道
沈阳,10号线,百鸟公园
上海,4号线,鲁班路
成都,3号线,动物园
杭州,2号线,下宁桥
北京,5号线,刘家窑
苏州,4号线,三元坊
长春,6号线,福祉大路
南京,3号线,鸡鸣寺
昆明,5号线,福海
深圳,3号线/龙岗线,永湖
宁波,5号线,镇海大道(慈海)
重庆,4号线,铁山坪
佛山,广佛线,金融高新区
青岛,4号线,南宅科
西安,4号线,东长安街
广州,4号线,飞沙角
大连,九里线,和平路
合肥,4号线,玉兰大道
郑州,5号线,黄河路
香港,屯马线,土瓜湾
长沙,4号线,光达
武汉,4号线,七里庙
天津,5号线,思源路
沈阳,10号线,长江街
上海,4号线,大木桥路
成都,3号线,昭觉寺南路
杭州,2号线,学院路
北京,5号线,蒲黄榆
苏州,4号线,南门
长春,6号线,吴家店
南京,3号线,南京林业大学·新庄
昆明,5号线,广福路西口
深圳,3号线/龙岗线,荷坳
宁波,5号线,永茂路
重庆,4号线,唐家沱
佛山,广佛线,龙溪
青岛,4号线,小崂山
西安,4号线,神舟大道
广州,4号线,广隆
大连,九里线,东山路
合肥,4号线,金桂
郑州,5号线,省人民医院
香港,屯马线,宋皇台
长沙,4号线,杜家坪
武汉,4号线,五里墩
天津,5号线,志成路
沈阳,10号线,中医药大学
上海,4号线,东安路
成都,3号线,驷马桥
杭州,2号线,古翠路
杭州,2号线,丰潭路
苏州,4号线,人民桥南
长春,6号线,亚泰足球基地
南京,3号线,南京站
昆明,5号线,大坝
深圳,3号线/龙岗线,大运
宁波,5号线,梅堰
重庆,4号线,太平冲
佛山,广佛线,菊树
青岛,4号线,沙子口
西安,4号线,航天东路
广州,4号线,大涌
大连,九里线,鸿玮澜山
合肥,4号线,柳树塘
郑州,5号线,姚砦·聂庄
香港,屯马线,启德
长沙,5号线,水渡河
武汉,4号线,汉阳火车站
天津,5号线,张兴庄
沈阳,10号线,陵东街
上海,4号线,上海体育场
成都,3号线,李家沱
北京,5号线,天坛东门
杭州,2号线,文新
苏州,4号线,团结桥
长春,6号线,樱花街
南京,3号线,小市
昆明,5号线,迎海路
深圳,3号线/龙岗线,爱联
宁波,5号线,兴海南路
重庆,4号线,港城
佛山,广佛线,西塱
青岛,4号线,段家埠
西安,4号线,航天新城
广州,4号线,塘坑
大连,九里线,通世泰
合肥,4号线,图书馆
郑州,5号线,众意西路
香港,屯马线,钻石山
长沙,5号线,土桥
武汉,4号线,钟家村
天津,5号线,宜兴埠北
沈阳,10号线,北塔
上海,4号线,上海体育馆
成都,3号线,前锋路
北京,5号线,磁器口
杭州,2号线,三坝
苏州,4号线,宝带路
长春,6号线,聚业大街
南京,3号线,五塘广场
昆明,5号线,渔户村
深圳,3号线/龙岗线,吉祥
宁波,5号线,兴庄路
重庆,4号线,黑石子
佛山,广佛线,鹤洞
青岛,4号线,登瀛
西安,5号线,创新港
广州,4号线,南横
大连,九里线,开发区
合肥,4号线,天鹅湖
郑州,5号线,中央商务区
香港,屯马线,显径
长沙,5号线,白茅铺
武汉,4号线,拦江路
天津,5号线,辽河北道
沈阳,10号线,合作街
上海,5号线(莘庄--闵行开发区),闵行开发区
成都,3号线,红星桥
北京,5号线,崇文门
杭州,2号线,虾龙圩
苏州,4号线,石湖东路
长春,6号线,省博物院
南京,3号线,上元门
昆明,5号线,兴体路
深圳,3号线/龙岗线,龙城广场
宁波,5号线,三官堂
重庆,4号线,寸滩
佛山,广佛线,沙涌
青岛,4号线,大河东
西安,5号线,创新港东
广州,4号线,南沙客运港
大连,九里线,金马路
合肥,4号线,天鹅湖东
郑州,5号线,儿童医院·颐和医院
香港,屯马线,大围
长沙,5号线,月湖公园北
武汉,4号线,复兴路
天津,5号线,淮河道
沈阳,10号线,东北大马路
上海,5号线(莘庄--闵行开发区),文井路
成都,3号线,市二医院
北京,5号线,东单
杭州,2号线,三墩
苏州,4号线,红庄
长春,6号线,长影世纪城
南京,3号线,柳洲东路
昆明,5号线,庄家塘立交桥
深圳,3号线/龙岗线,南联
宁波,5号线,盎孟港
重庆,4号线,保税港
佛山,广佛线,沙园
青岛,6号线,灵山湾
西安,5号线,翱翔小镇
广州,5号线,滘口
大连,九里线,大连湾
合肥,4号线,姚公庙
郑州,5号线,祭城
香港,屯马线,车公庙
长沙,5号线,马栏山
武汉,4号线,首义路
天津,5号线,职业大学
沈阳,10号线,滂江街
上海,5号线(莘庄--闵行开发区),华宁路
成都,3号线,春熙路
北京,5号线,灯市口
杭州,2号线,墩祥街
苏州,4号线,清树湾
长春,8号线,北环城路
南京,3号线,天润城
昆明,5号线,金家河
深圳,3号线/龙岗线,双龙
宁波,5号线,院士路
重庆,4号线,头塘
佛山,广佛线,燕岗
青岛,6号线,辛屯
西安,5号线,钓台
广州,5号线,坦尾
大连,九里线,后盐
合肥,4号线,南屏路
郑州,5号线,金水东路
香港,屯马线,沙田围
长沙,5号线,鸭子铺
武汉,4号线,武昌火车站
天津,5号线,北辰道
沈阳,10号线,长安路
上海,5号线(莘庄--闵行开发区),金平路
成都,3号线,新南门
北京,5号线,东四
杭州,2号线,金家渡
苏州,4号线,花港
长春,8号线,一二三中学
南京,3号线,泰冯路
昆明,5号线,福保
深圳,4号线/龙华线,福田口岸
宁波,5号线,会展中心
重庆,4号线,重庆北站北广场
佛山,广佛线,石溪
青岛,6号线,华山
西安,5号线,沣西文化公园
广州,5号线,中山八
大连,九里线,泉水
合肥,4号线,薛河
郑州,5号线,郑州东站
香港,屯马线,第一城
长沙,5号线,火炬村
武汉,4号线,梅苑小区
天津,5号线,丹河北道
沈阳,10号线,万莲
上海,5号线(莘庄--闵行开发区),东川路
成都,3号线,磨子桥
北京,5号线,张自忠路
杭州,2号线,白洋
苏州,4号线,江陵西路
长春,8号线,小南
南京,3号线,东大成贤学院
昆明,5号线,滇池国际会展中心
深圳,4号线/龙华线,福民
宁波,5号线,民安东路
重庆,4号线,民安大道
佛山,广佛线,南洲
青岛,6号线,星海滩路
西安,5号线,东马坊
广州,5号线,西场
大连,九里线,金家街
合肥,4号线,竹西
郑州,5号线,康宁街
香港,屯马线,石门
长沙,5号线,马王堆
武汉,4号线,中南路
天津,5号线,北辰科技园北
沈阳,10号线,泉园
上海,5号线(莘庄--闵行开发区),剑川路
成都,3号线,省体育馆
北京,5号线,北新桥
杭州,2号线,杜甫村
苏州,4号线,江兴西路
长春,8号线,小城子街
南京,3号线,星火路
昆明,5号线,宝丰
深圳,4号线/龙华线,会展中心
宁波,5号线,海晏北路
重庆,5号线,悦港北路
佛山,广佛线,沥滘
青岛,6号线,赵家庙(影视产业园)
西安,5号线,高桥
广州,5号线,西村
大连,九里线,香炉礁
合肥,4号线,淝南
郑州,5号线,省骨科医院
香港,屯马线,大水坑
长沙,5号线,万家丽广场
武汉,4号线,洪山广场
天津,6号线,南孙庄
沈阳,10号线,江东街
上海,5号线(莘庄--闵行开发区),北桥
成都,3号线,衣冠庙
北京,5号线,雍和宫
杭州,2号线,良渚
苏州,4号线,流虹路
长春,8号线,北湖大桥
南京,3号线,林场
昆明,6号线,机场中心
深圳,4号线/龙华线,市民中心
宁波,5号线,柳隘
重庆,5号线,悦港大道
青岛,6号线,毛家山(黄海学院)
西安,5号线,文教园
广州,5号线,广州火车站
大连,九里线,大连站
合肥,4号线,合肥南站
郑州,5号线,经北二路
香港,屯马线,恒安
长沙,5号线,芙蓉区政府
武汉,4号线,楚河汉街
天津,6号线,南何庄
沈阳,10号线,长青桥
上海,5号线(莘庄--闵行开发区),颛桥
成都,3号线,高升桥
北京,5号线,和平里北街
杭州,3号线(文一西路-星桥),吴山前村
苏州,4号线,笠泽路
长春,8号线,北湖公园
南京,4号线,龙江
昆明,6号线,机场前
深圳,4号线/龙华线,少年宫
宁波,5号线,曹隘
重庆,5号线,椿萱大道
青岛,6号线,西门外
西安,5号线,欢乐谷
广州,5号线,小北
合肥,4号线,望湖城南
郑州,5号线,经开中心广场
香港,屯马线,马鞍山
长沙,5号线,高桥北
武汉,4号线,青鱼嘴
天津,6号线,大毕庄
沈阳,10号线,长青南街
上海,5号线(莘庄--闵行开发区),银都路
成都,3号线,红牌楼
北京,5号线,和平西桥
杭州,3号线(文一西路-星桥),汤家村
苏州,4号线,顾家荡
长春,8号线,和安街
南京,4号线,草场门·南艺·二师
昆明,6号线,大板桥
深圳,4号线/龙华线,莲花北
宁波,5号线,泗港
重庆,5号线,中央公园西
青岛,6号线,北门外
西安,5号线,镐京
广州,5号线,淘金
合肥,4号线,葛大店南
郑州,5号线,福塔东
香港,屯马线,乌溪沙
长沙,5号线,高桥南
武汉,4号线,东亭
天津,6号线,金钟街
沈阳,10号线,理工大学
上海,5号线(莘庄--闵行开发区),春申路
成都,3号线,太平园
北京,5号线,惠新西街南口
杭州,3号线(文一西路-星桥),火车西站
苏州,4号线,苏州湾东
长春,8号线,光机路
南京,4号线,云南路
昆明,6号线,东部汽车站
深圳,4号线/龙华线,上梅林
宁波,5号线,大洋江
重庆,5号线,鲁家沟
青岛,6号线,王家港
西安,5号线,复兴大道南
广州,5号线,区庄
合肥,4号线,工经学院
郑州,5号线,中原福塔
香港,荃湾线,荃湾
长沙,5号线,圭塘
武汉,4号线,岳家嘴
天津,6号线,徐庄子
沈阳,10号线,张沙布
上海,5号线(莘庄--闵行开发区),莘庄
成都,3号线,川藏立交
北京,5号线,惠新西街北口
杭州,3号线(文一西路-星桥),龙舟北路
苏州,4号线,松陵大道
长春,8号线,大学城路
南京,4号线,鼓楼
昆明,6号线,菊华
深圳,4号线/龙华线,民乐
宁波,5号线,下应路
重庆,5号线,甘悦大道
青岛,6号线,九顶山
西安,5号线,斗门
广州,5号线,动物园
合肥,4号线,尧渡河路
郑州,5号线,七里河
香港,荃湾线,大窝口
长沙,5号线,木桥
武汉,4号线,铁机路
天津,6号线,金钟河大街
上海,5号线(莘庄--奉贤新城),莘庄
成都,3号线,武侯立交
北京,5号线,大屯路东
杭州,3号线(文一西路-星桥),文一西路
苏州,4号线,吴江人民广场
长春,8号线,地理所
南京,4号线,鸡鸣寺
昆明,6号线,东郊路
深圳,4号线/龙华线,白石龙
宁波,5号线,南高教园区
重庆,5号线,园博中心
青岛,6号线,钱塘江路(青职学院)
西安,5号线,王寺
广州,5号线,杨箕
合肥,4号线,五里庙
郑州,5号线,航海广场
香港,荃湾线,葵兴
长沙,5号线,雨花区政府
长沙,5号线,大塘
天津,6号线,民权门
上海,5号线(莘庄--奉贤新城),春申路
成都,3号线,武青南路
北京,5号线,北苑路北
杭州,3号线(文一西路-星桥),绿汀路
苏州,4号线,吴江汽车站
长春,8号线,奥林匹克公园
南京,4号线,九华山
昆明,6号线,岔街
深圳,4号线/龙华线,深圳北站
宁波,5号线,钱湖南路
重庆,5号线,丹鹤
青岛,6号线,扒山(滨海学院)
西安,5号线,阿房宫南
广州,5号线,五羊邨
合肥,4号线,唐桥
郑州,5号线,城东南路
香港,荃湾线,葵芳
武汉,4号线,罗家港
长沙,5号线,板塘冲
天津,6号线,北宁公园
上海,5号线(莘庄--奉贤新城),银都路
成都,3号线,双凤桥
北京,5号线,立水桥南
杭州,3号线(文一西路-星桥),全丰
苏州,4号线,庞金路
长春,8号线,广通路
南京,4号线,岗子村
昆明,6号线,塘子巷
深圳,4号线/龙华线,红山
宁波,5号线,鄞州区政府
重庆,5号线,湖霞街
青岛,6号线,青大附院西海岸院区
西安,5号线,石桥立交
广州,5号线,珠江新城
合肥,4号线,东七里
郑州,5号线,南五里堡
香港,荃湾线,荔景
武汉,4号线,园林路
长沙,5号线,毛竹塘
天津,6号线,北站
上海,5号线(莘庄--奉贤新城),颛桥
成都,3号线,龙桥路
北京,5号线,立水桥
杭州,3号线(文一西路-星桥),高教路
苏州,4号线,同里
南京,4号线,蒋王庙
深圳,4号线/龙华线,上塘
宁波,5号线,钟公庙
重庆,5号线,重光
青岛,6号线,港头
西安,5号线,西窑头
广州,5号线,猎德
合肥,4号线,站塘
郑州,5号线,冯庄
香港,荃湾线,美孚
武汉,4号线,仁和路
长沙,6号线,谢家桥
天津,6号线,新开河
上海,5号线(莘庄--奉贤新城),北桥
成都,3号线,航都大街
北京,5号线,天通苑南
杭州,3号线(文一西路-星桥),联胜路
苏州,5号线,阳澄湖南
南京,4号线,王家湾
深圳,4号线/龙华线,龙胜
宁波,5号线,庙堰
重庆,5号线,和睦路
青岛,6号线,薛家泊子
西安,5号线,汉城南路
广州,5号线,潭村
合肥,4号线,方庙
郑州,5号线,京广南路
香港,荃湾线,荔枝角
武汉,4号线,工业四路
长沙,6号线,象鼻窝
天津,6号线,外院附中
上海,5号线(莘庄--奉贤新城),剑川路
成都,3号线,迎春桥
北京,5号线,天通苑
杭州,3号线(文一西路-星桥),洪园
苏州,5号线,葑亭大道
南京,4号线,聚宝山
深圳,4号线/龙华线,龙华
深圳,4号线/龙华线,清湖
重庆,5号线,人和
青岛,6号线,马家楼
西安,5号线,金光门
广州,5号线,员村
合肥,4号线,新海公园
郑州,5号线,市第二人民医院
香港,荃湾线,长沙湾
武汉,4号线,杨春湖
长沙,6号线,中塘
天津,6号线,天泰路
上海,5号线(莘庄--奉贤新城),东川路
成都,3号线,东升
北京,5号线,天通苑北
杭州,3号线(文一西路-星桥),西溪湿地南
苏州,5号线,东沙湖
南京,4号线,徐庄·苏宁总部
宁波,5号线,雅渡
深圳,4号线/龙华线,清湖北
重庆,5号线,幸福广场
青岛,6号线,抓马山
西安,5号线,丰庆公园
广州,5号线,员村
合肥,4号线,十里村
郑州,5号线,齐礼阎
香港,荃湾线,深水埗
武汉,4号线,武汉火车站
长沙,6号线,一师范西校区
天津,6号线,北竹林
上海,5号线(莘庄--奉贤新城),江川路
成都,3号线,双流广场
北京,6号线,潞城
杭州,3号线(文一西路-星桥),花坞
苏州,5号线,龙墩
南京,4号线,金马路
宁波,5号线,石碶
深圳,4号线/龙华线,竹村
重庆,5号线,冉家坝
青岛,6号线,青岛九中(幸福小镇)
西安,5号线,西北工业大学
广州,5号线,科韵路
合肥,4号线,陶冲湖东
郑州,5号线,后河芦
香港,荃湾线,太子
武汉,5号线,红霞
长沙,6号线,长庆
天津,6号线,西站
上海,5号线(莘庄--奉贤新城),西渡
成都,3号线,三里坝
北京,6号线,东夏园
杭州,3号线(文一西路-星桥),东岳
苏州,5号线,星塘街
南京,4号线,汇通路
宁波,5号线,同德路
深圳,4号线/龙华线,茜坑
重庆,5号线,大龙山
青岛,6号线,河洛埠(中德生态园)
西安,5号线,边家村
广州,5号线,车陂南
合肥,4号线,安医一附院北区
郑州,5号线,桐淮
香港,荃湾线,旺角
武汉,5号线,黄家湖(武科大)
长沙,6号线,和馨园
天津,6号线,复兴路
上海,5号线(莘庄--奉贤新城),萧塘
成都,3号线,双流西站
北京,6号线,郝家府
杭州,3号线(文一西路-星桥),古墩路
苏州,5号线,方洲公园
南京,4号线,灵山
宁波,5号线,张家潭
深圳,4号线/龙华线,长湖
重庆,5号线,大石坝
青岛,6号线,山王河(福莱社区)
西安,5号线,省人民医院·黄雁村
广州,5号线,东圃
合肥,4号线,综保区
郑州,5号线,陇海西路
香港,荃湾线,油麻地
武汉,5号线,中医药大学
长沙,6号线,长丰
天津,6号线,人民医院
上海,5号线(莘庄--奉贤新城),奉浦大道
成都,4号线,西河
北京,6号线,北运河东
杭州,3号线(文一西路-星桥),古荡新村
苏州,5号线,苏州奥体中心
南京,4号线,东流
宁波,5号线,布政
深圳,4号线/龙华线,观澜
重庆,5号线,忠恕沱
青岛,6号线,横云山路
西安,5号线,南稍门
广州,5号线,三溪
合肥,4号线,综保区
郑州,5号线,市中心医院
香港,荃湾线,佐敦
武汉,5号线,白沙六路
长沙,6号线,麓谷体育公园
天津,6号线,长虹公园
上海,5号线(莘庄--奉贤新城),环城东路
成都,4号线,明蜀王陵
北京,6号线,北运河西
杭州,3号线(文一西路-星桥),古荡
苏州,5号线,斜塘
南京,4号线,孟北
深圳,4号线/龙华线,松元厦
重庆,5号线,红岩村
青岛,8号线,胶州北站
西安,5号线,文艺路
广州,5号线,鱼珠
合肥,4号线,安医一附院北区
郑州,5号线,五一公园
香港,荃湾线,尖沙咀
武汉,5号线,光霞
长沙,6号线,麓谷公园
天津,6号线,宜宾道
上海,5号线(莘庄--奉贤新城),望园路
成都,4号线,成都大学
北京,6号线,通州北关
杭州,3号线(文一西路-星桥),黄龙体育中心
苏州,5号线,华莲
南京,4号线,西岗桦墅
深圳,4号线/龙华线,观澜湖
重庆,5号线,歇台子
青岛,8号线,胶东机场
西安,5号线,建筑科技大学·李家村
广州,5号线,大沙地
合肥,4号线,陶冲湖东
郑州,6号线,清华附中
香港,荃湾线,金钟
武汉,5号线,张家湾
长沙,6号线,涧塘
天津,6号线,鞍山西道
上海,5号线(莘庄--奉贤新城),金海湖
成都,4号线,十陵
北京,6号线,物资学院路
杭州,3号线(文一西路-星桥),黄龙洞
苏州,5号线,金湖
南京,4号线,仙林湖
深圳,4号线/龙华线,牛湖
重庆,5号线,石桥铺
青岛,8号线,胶东
西安,5号线,太乙路
广州,5号线,大沙东
合肥,4号线,十里村
郑州,6号线,金融岛西
香港,荃湾线,中环
武汉,5号线,烽火村
长沙,6号线,湖南工商大学
天津,6号线,天拖
上海,5号线(莘庄--奉贤新城),奉贤新城
成都,4号线,来龙
北京,6号线,草房
杭州,3号线(文一西路-星桥),武林门
苏州,5号线,李公堤南
南京,5号线,吉印大道
深圳,5号线/环中线,赤湾
重庆,5号线,石新路
青岛,8号线,大涧
西安,5号线,雁翔路北口
广州,5号线,文冲
合肥,4号线,新海公园
郑州,6号线,小营
武汉,5号线,八铺街
长沙,6号线,白鸽咀
天津,6号线,一中心医院
上海,6号线,东方体育中心
成都,4号线,槐树店
北京,6号线,常营
杭州,3号线(文一西路-星桥),武林广场
苏州,5号线,星波街
南京,5号线,九龙湖南
深圳,5号线/环中线,荔湾
重庆,5号线,巴山
青岛,8号线,红岛火车站
西安,5号线,青龙寺
广州,5号线,双沙
合肥,4号线,方庙
郑州,6号线,金汇桥
郑州,6号线,姚砦·聂庄
长沙,6号线,湘雅三医院
天津,6号线,红旗南路
上海,6号线,灵岩南路
成都,4号线,万年场
成都,4号线,双桥路
杭州,3号线(文一西路-星桥),西湖文化广场
苏州,5号线,金厍桥
南京,5号线,诚信大道
深圳,5号线/环中线,铁路公园
重庆,5号线,凤西路
青岛,8号线,健康中心
西安,5号线,理工大曲江校区
广州,5号线,庙头
合肥,4号线,站塘
武汉,5号线,复兴路
郑州,6号线,燕庄
长沙,6号线,六沟垅
天津,6号线,迎风道
上海,6号线,上南路
北京,6号线,黄渠
成都,4号线,玉双路
杭州,3号线(文一西路-星桥),潮王路
苏州,5号线,黄天荡
南京,5号线,前庄
深圳,5号线/环中线,妈湾
重庆,5号线,重庆西站
青岛,8号线,健身中心(红岛会展)
西安,5号线,黄渠头
广州,5号线,夏园
合肥,4号线,东七里
武汉,5号线,彭刘杨
郑州,6号线,博览中心
长沙,6号线,文昌阁
天津,6号线,南翠屏
上海,6号线,华夏西路
北京,6号线,褡裢坡
成都,4号线,市二医院
杭州,3号线(文一西路-星桥),香积寺
苏州,5号线,荷花荡
南京,5号线,科宁路
深圳,5号线/环中线,前湾公园
重庆,5号线,华岩寺
青岛,8号线,观涛
西安,5号线,马腾空
广州,5号线,保盈大道
合肥,4号线,唐桥
武汉,5号线,司门口黄鹤楼
郑州,6号线,凤凰台南
长沙,6号线,湘雅医院
天津,6号线,水上公园东路
上海,6号线,高青路
北京,6号线,青年路
成都,4号线,太升南路
杭州,3号线(文一西路-星桥),大关
苏州,5号线,竹辉桥
南京,5号线,竹山路
深圳,5号线/环中线,前湾
重庆,5号线,华成路
青岛,8号线,红岛科技馆(方特)
西安,5号线,月登阁
广州,5号线,夏港
合肥,4号线,五里庙
武汉,5号线,昙华林武胜门
郑州,6号线,二里岗东
长沙,6号线,烈士公园南(湖南博物院)
天津,6号线,肿瘤医院
上海,6号线,东明路
北京,6号线,十里堡
成都,4号线,骡马市
杭州,3号线(文一西路-星桥),善贤
苏州,5号线,南园北路
南京,5号线,新亭路
深圳,5号线/环中线,桂湾
重庆,5号线,半山
青岛,8号线,大洋
西安,5号线,雁鸣湖
广州,5号线,黄埔新港
合肥,4号线,尧渡河路
武汉,5号线,积玉桥
郑州,6号线,二里岗
长沙,6号线,迎宾路口
天津,6号线,天津宾馆
上海,6号线,高科西路
北京,6号线,金台路
成都,4号线,宽窄巷子
杭州,3号线(文一西路-星桥),新天地街
苏州,5号线,南门
南京,5号线,东山
深圳,5号线/环中线,前海湾
重庆,5号线,中梁山
青岛,8号线,青岛北站
西安,6号线,纺织城
广州,6号线,香雪
合肥,4号线,工经学院
武汉,5号线,三层楼
郑州,6号线,陇秀公园
长沙,6号线,窑岭湘雅二医院
天津,6号线,文化中心
上海,6号线,临沂新村
北京,6号线,呼家楼
成都,4号线,中医大·省医院
杭州,3号线(文一西路-星桥),汽轮广场
苏州,5号线,新市桥
南京,5号线,文靖路
深圳,5号线/环中线,临海
重庆,5号线,金建路
青岛,蓝谷快线,苗岭路
西安,6号线,纺二路
广州,6号线,萝岗
合肥,4号线,葛大店南
武汉,5号线,三角路
郑州,6号线,火车头体育场
长沙,6号线,朝阳村
天津,6号线,乐园道
上海,6号线,上海儿童医学中心
北京,6号线,东大桥
成都,4号线,草堂北路
杭州,3号线(文一西路-星桥),华丰路
苏州,5号线,劳动路
南京,S6号线,马群
深圳,5号线/环中线,宝华
重庆,5号线,华岩中心
青岛,蓝谷快线,会展中心
西安,6号线,纺六路
广州,6号线,苏元
合肥,4号线,望湖城南
武汉,5号线,徐家棚
郑州,6号线,大学中路
长沙,6号线,芙蓉区政府
天津,6号线,尖山路
上海,6号线,蓝村路
北京,6号线,朝阳门
成都,4号线,西南财大
杭州,3号线(文一西路-星桥),同协路
苏州,5号线,双桥
南京,S6号线,百水桥
深圳,5号线/环中线,宝安中心
重庆,5号线,跳磴
青岛,蓝谷快线,青岛二中
西安,6号线,穆将王
广州,6号线,暹岗
合肥,4号线,合肥南站
武汉,5号线,杨园铁四院
郑州,6号线,嵩淮
长沙,6号线,人民东路
天津,6号线,医大二院
上海,6号线,浦电路
北京,6号线,东四
成都,4号线,文化宫
杭州,3号线(文一西路-星桥),桃花湖公园
苏州,5号线,索山桥西
南京,S6号线,麒麟门
深圳,5号线/环中线,翻身
重庆,6号线,茶园
青岛,蓝谷快线,青岛科大
西安,6号线,田家湾
广州,6号线,金峰
合肥,4号线,淝南
武汉,5号线,余家头
郑州,6号线,桐淮
长沙,6号线,花桥
天津,6号线,梅江道
上海,6号线,世纪大道
北京,6号线,南锣鼓巷
成都,4号线,清江西路
杭州,3号线(文一西路-星桥),丁桥
苏州,5号线,落星桥
南京,S6号线,东郊小镇
深圳,5号线/环中线,灵芝
重庆,6号线,邱家湾
青岛,蓝谷快线,张村
西安,6号线,卫星测控中心
广州,6号线,黄陂
合肥,4号线,竹西
武汉,5号线,科普公园
郑州,6号线,卧龙岗
长沙,6号线,隆平水稻博物馆
天津,6号线,左江道
上海,6号线,源深体育中心
北京,6号线,北海北
成都,4号线,成都西站
杭州,3号线(文一西路-星桥),华鹤街
苏州,5号线,石城
南京,S6号线,古泉
深圳,5号线/环中线,洪浪北
重庆,6号线,长生桥
青岛,蓝谷快线,枯桃
西安,6号线,万寿南路
广州,6号线,高塘石
合肥,4号线,薛河
武汉,5号线,建设二路
郑州,6号线,李江沟
长沙,6号线,农科院农大
天津,6号线,梅江公园
上海,6号线,民生路
北京,6号线,平安里
成都,4号线,中坝
杭州,3号线(文一西路-星桥),黄鹤山
苏州,5号线,西跨塘
南京,S6号线,南京猿人洞
深圳,5号线/环中线,兴东
重庆,6号线,刘家坪
青岛,蓝谷快线,海洋大学
西安,6号线,公园南路
广州,6号线,柯木塱
合肥,4号线,南屏路
武汉,5号线,和平公园
郑州,6号线,冯湾
长沙,6号线,东湖
天津,6号线,梅江会展中心
上海,6号线,北洋泾路
北京,6号线,车公庄
成都,4号线,蔡桥
杭州,3号线(文一西路-星桥),星桥
苏州,5号线,大治桥
南京,S6号线,汤山
深圳,5号线/环中线,留仙洞
重庆,6号线,上新街
青岛,蓝谷快线,世博园
西安,6号线,咸宁路
广州,6号线,龙洞
合肥,4号线,姚公庙
武汉,5号线,红钢城
郑州,6号线,常庄
长沙,6号线,韶光
天津,6号线,解放南路
上海,6号线,德平路
北京,6号线,车公庄西
成都,4号线,非遗博览园
杭州,3号线(石马-星桥),星桥
苏州,5号线,渎川桥
南京,S6号线,泉都大街
深圳,5号线/环中线,西丽
重庆,6号线,小什字
青岛,蓝谷快线,北宅
西安,6号线,交通大学·兴庆宫
广州,6号线,植物园
合肥,4号线,天鹅湖东
武汉,5号线,青宜居
郑州,6号线,奥体中心
长沙,6号线,龙华
天津,6号线,洞庭路
上海,6号线,云山路
北京,6号线,二里沟
成都,4号线,马厂坝
杭州,3号线(石马-星桥),黄鹤山
苏州,5号线,灵岩山
南京,S6号线,黄梅
深圳,5号线/环中线,大学城
重庆,6号线,大剧院
青岛,蓝谷快线,北九水
西安,6号线,长乐门
广州,6号线,长湴
合肥,4号线,天鹅湖
武汉,5号线,工人村
郑州,6号线,奥体中心西
长沙,6号线,檀木桥
天津,6号线,梅林路
上海,6号线,金桥路
北京,6号线,白石桥南
成都,4号线,凤凰大街
杭州,3号线(石马-星桥),华鹤街
苏州,5号线,许家桥
南京,S6号线,童世界
深圳,5号线/环中线,塘朗
重庆,6号线,江北城
青岛,蓝谷快线,庙石
西安,6号线,大差市
广州,6号线,天河客运站
合肥,4号线,图书馆
武汉,5号线,武钢
郑州,6号线,金桢路
长沙,6号线,曹家坪
天津,6号线,渌水道
上海,6号线,博兴路
北京,6号线,花园桥
成都,4号线,涌泉
杭州,3号线(石马-星桥),丁桥
苏州,5号线,茅蓬路东
南京,S6号线,华阳
深圳,5号线/环中线,长岭陂
重庆,6号线,五里店
青岛,蓝谷快线,浦里
西安,6号线,钟楼
广州,6号线,燕塘
合肥,4号线,柳树塘
武汉,5号线,厂前
郑州,6号线,河南建院
长沙,6号线,龙峰
天津,6号线,渌水道
上海,6号线,五莲路
北京,6号线,慈寿寺
成都,4号线,光华公园
杭州,3号线(石马-星桥),桃花湖公园
苏州,5号线,胥口
南京,S6号线,崇明
深圳,5号线/环中线,深圳北站
重庆,6号线,红土地
青岛,蓝谷快线,鳌山卫
西安,6号线,广济街
广州,6号线,天平架
合肥,4号线,金桂
武汉,5号线,武汉站东广场
郑州,6号线,马寨
长沙,6号线,大路村
天津,6号线,双港
上海,6号线,巨峰路
北京,6号线,海淀五路居
成都,4号线,南熏大道
杭州,3号线(石马-星桥),同协路
苏州,5号线,津桥
南京,S6号线,句容
深圳,5号线/环中线,民治
重庆,6号线,黄泥塝
青岛,蓝谷快线,山东大学
西安,6号线,桥梓口
广州,6号线,沙河顶
合肥,4号线,玉兰大道
武汉,6号线,新城十一路
郑州,6号线,安宁路
长沙,6号线,木马塅
天津,6号线,景荷道
上海,6号线,东靖路
北京,6号线,田村
成都,4号线,凤溪河
杭州,3号线(石马-星桥),华丰路
苏州,5号线,花墩
南京,S7号线(宁溧线),空港新城江宁
深圳,5号线/环中线,五和
重庆,6号线,红旗河沟
青岛,蓝谷快线,蓝色硅谷
西安,6号线,安定门
广州,6号线,黄花岗
合肥,4号线,北雁湖
武汉,6号线,码头潭公园
郑州,6号线,洞林寺
长沙,6号线,黄花机场T1T2
天津,6号线,景荔道
上海,6号线,五洲大道
北京,6号线,廖公庄
成都,4号线,凤溪河
杭州,3号线(石马-星桥),汽轮广场
苏州,5号线,太湖香山
南京,S7号线(宁溧线),柘塘
深圳,5号线/环中线,坂田
重庆,6号线,花卉园
青岛,蓝谷快线,水泊
西安,6号线,大唐西市
广州,6号线,区庄
合肥,4号线,复兴集
武汉,6号线,五环体育中心
郑州,6号线,洞林湖
天津,6号线,天津大学北洋园校区
上海,6号线,洲海路
北京,6号线,西黄村
成都,4号线,杨柳河
杭州,3号线(石马-星桥),新天地街
苏州,6号线,苏州新区火车站
南京,S7号线(宁溧线),空港新城溧水
深圳,5号线/环中线,杨美
重庆,6号线,大龙山
青岛,蓝谷快线,博览中心
西安,6号线,西北工业大学
广州,6号线,东山口
合肥,4号线,长安集
武汉,6号线,二雅路
郑州,6号线,贾峪
天津,6号线,海河教育园区
上海,6号线,外高桥保税区南
北京,6号线,杨庄
成都,4号线,万盛
杭州,3号线(石马-星桥),善贤
苏州,6号线,保丰
南京,S7号线(宁溧线),群力
深圳,5号线/环中线,上水径
重庆,6号线,冉家坝
青岛,蓝谷快线,温泉东
西安,6号线,科技路
广州,6号线,东湖
合肥,4号线,桃花潭
武汉,6号线,海口三路
郑州,10号线,郑州西站
天津,6号线,南开大学津南校区
上海,6号线,航津路
北京,6号线,苹果园
成都,5号线,华桂路
杭州,3号线(石马-星桥),大关
苏州,6号线,富强
南京,S7号线(宁溧线),卧龙湖
深圳,5号线/环中线,下水径
重庆,6号线,光电园
青岛,蓝谷快线,皋虞
西安,6号线,甘家寨
广州,6号线,团一大广场
合肥,4号线,金小郢
武汉,6号线,金银湖公园
郑州,10号线,李商隐公园
天津,6号线,和慧南路
上海,6号线,外高桥保税区北
北京,6号线,金安桥
成都,5号线,柏水场
杭州,3号线(石马-星桥),香积寺
苏州,6号线,长泾
南京,S7号线(宁溧线),溧水
深圳,5号线/环中线,长龙
重庆,6号线,大竹林
青岛,蓝谷快线,臧村
西安,6号线,木塔寺
广州,6号线,北京路
合肥,4号线,铜锣寨路
武汉,6号线,金银湖
郑州,10号线,庙王
天津,6号线,咸水沽西
上海,6号线,港城路
北京,7号线,环球度假区
成都,5号线,廖家湾
杭州,3号线(石马-星桥),潮王路
苏州,6号线,白洋湾公园
南京,S7号线(宁溧线),中山湖
深圳,5号线/环中线,布吉
重庆,6号线,康庄
青岛,蓝谷快线,钱谷山
西安,6号线,省体育馆
广州,6号线,海珠广场
合肥,4号线,魏庄
武汉,6号线,园博园北
武汉,6号线,轻工大学
天津,9号线,东海路
上海,7号线,花木路
北京,7号线,花庄
成都,5号线,北部商贸城
杭州,3号线(石马-星桥),西湖文化广场
苏州,6号线,金鸡墩
南京,S7号线(宁溧线),幸庄
深圳,5号线/环中线,百鸽笼
重庆,6号线,九曲河
青岛,西海岸快线,嘉陵江西路
西安,6号线,丈八一路
广州,6号线,一德路
合肥,4号线,烧脉岗
郑州,10号线,柳湖
武汉,6号线,常青花园
天津,9号线,会展中心
上海,7号线,龙阳路
北京,7号线,高楼金
成都,5号线,幸福桥
杭州,3号线(石马-星桥),武林广场
苏州,6号线,虎丘
南京,S7号线(宁溧线),无想山
深圳,5号线/环中线,布心
重庆,6号线,礼嘉
青岛,西海岸快线,香江路
西安,6号线,丈八四路
广州,6号线,文化公园
合肥,5号线,汲桥路
郑州,10号线,市委党校
武汉,6号线,杨汊湖
天津,9号线,太湖路
上海,7号线,芳华路
北京,7号线,群芳
成都,5号线,九道堰(凤凰山体育公园东)
杭州,3号线(石马-星桥),武林门
苏州,6号线,青山桥浜
南京,7号线,仙新路
深圳,5号线/环中线,太安
重庆,6号线,金山寺
青岛,西海岸快线,井冈山路
西安,6号线,丈八六路
广州,6号线,黄沙
合肥,5号线,六中菱湖校区
郑州,10号线,郑州一中
武汉,6号线,石桥
天津,9号线,市民广场
上海,7号线,锦绣路
北京,7号线,万盛东
成都,5号线,杜家碾(凤凰山体育公园西)
杭州,3号线(石马-星桥),黄龙洞
苏州,6号线,江星桥南
南京,7号线,尧化门
深圳,5号线/环中线,怡景
重庆,6号线,曹家湾
青岛,西海岸快线,积米崖
西安,6号线,造字台
广州,6号线,如意坊
合肥,5号线,菱湖公园
郑州,10号线,西流湖公园南
武汉,6号线,唐家墩
天津,9号线,泰达
上海,7号线,杨高南路
北京,7号线,万盛西
成都,5号线,大丰
杭州,3号线(石马-星桥),黄龙体育中心
苏州,6号线,苏锦
南京,7号线,尧化新村
深圳,5号线/环中线,黄贝岭
重庆,6号线,蔡家
青岛,西海岸快线,灵山卫
西安,6号线,西部大道(西太路口)
广州,6号线,坦尾
合肥,5号线,北五里井
郑州,10号线,二砂
武汉,6号线,三眼桥
天津,9号线,塘沽
上海,7号线,高科西路
北京,7号线,黑庄户
成都,5号线,石犀公园
杭州,3号线(石马-星桥),古荡
苏州,6号线,平河路
南京,7号线,丁家庄南
深圳,6号线/光明线,松岗
重庆,6号线,向家岗
青岛,西海岸快线,学院路
西安,6号线,郭杜西
广州,6号线,河沙
合肥,5号线,海棠
郑州,10号线,市中心医院
武汉,6号线,香港路
天津,9号线,胡家园
上海,7号线,云台路
北京,7号线,郎辛庄
成都,5号线,皇花园
杭州,3号线(石马-星桥),古荡新村
苏州,6号线,梅巷
南京,7号线,丁家庄
深圳,6号线/光明线,溪头
重庆,6号线,龙凤溪
青岛,西海岸快线,朝阳山
西安,6号线,仁村
广州,6号线,沙贝
合肥,5号线,白水坝
郑州,10号线,绿城广场
武汉,6号线,苗栗路
天津,9号线,钢管公司
上海,7号线,耀华路
北京,7号线,黄厂
成都,5号线,陆家桥
杭州,3号线(石马-星桥),古墩路
苏州,6号线,拙政园苏博
南京,7号线,万寿
深圳,6号线/光明线,松岗公园
重庆,6号线,状元碑
青岛,西海岸快线,辛屯
西安,6号线,西安国际医学中心
广州,6号线,横沙
合肥,5号线,杏花公园
郑州,10号线,医学院
武汉,6号线,大智路
天津,9号线,军粮城
上海,7号线,长清路
北京,7号线,焦化厂
成都,5号线,泉水路
杭州,3号线(石马-星桥),东岳
苏州,6号线,悬桥巷
南京,7号线,晓庄
深圳,6号线/光明线,薯田埔
重庆,6号线,西南大学
青岛,西海岸快线,两河
西安,6号线,西电科大南校区·未来之瞳
广州,6号线,浔峰岗
合肥,5号线,三孝口
郑州,10号线,郑州火车站
武汉,6号线,江汉路
天津,9号线,小东庄
上海,7号线,后滩
北京,7号线,双合
成都,5号线,洞子口
杭州,3号线(石马-星桥),花坞
苏州,6号线,临顿路
南京,7号线,幕府山
深圳,6号线/光明线,合水口
重庆,6号线,北碚
青岛,西海岸快线,隐珠
西安,6号线,西安南站
广州,7号线,燕山
合肥,5号线,稻香楼
郑州,12号线,龙子湖东
武汉,6号线,六渡桥
天津,9号线,东丽开发区
上海,7号线,龙华中路
北京,7号线,垡头
成都,5号线,福宁路
杭州,3号线(石马-星桥),西溪湿地南
苏州,6号线,望星桥苏大
南京,7号线,五塘广场
深圳,6号线/光明线,公明广场
重庆,9号线,高滩岩
青岛,西海岸快线,凤凰山路
西安,9号线,纺织城
广州,7号线,水西
合肥,5号线,中国科大东区
郑州,12号线,龙子湖
武汉,6号线,汉正街
天津,9号线,新立
上海,7号线,东安路
北京,7号线,欢乐谷景区
成都,5号线,五块石
杭州,3号线(石马-星桥),留下
苏州,6号线,徐家浜
南京,7号线,幕府西路
深圳,6号线/光明线,红花山
重庆,9号线,天梨路
青岛,西海岸快线,双珠路
西安,9号线,香王
广州,7号线,萝岗
合肥,5号线,市第三医院
郑州,12号线,龙子湖西
武汉,6号线,武胜路
天津,9号线,张贵庄
上海,7号线,肇嘉浜路
北京,7号线,南楼梓庄
成都,5号线,赛云台
杭州,3号线(石马-星桥),屏峰
苏州,6号线,惹云桥
南京,7号线南段,应天大街
深圳,6号线/光明线,楼村
重庆,9号线,沙坪坝
青岛,西海岸快线,世纪大道
西安,9号线,灞柳二路
广州,7号线,科丰路
合肥,5号线,休宁路
郑州,12号线,高铁公园
武汉,6号线,琴台
天津,9号线,二号桥
上海,7号线,常熟路
北京,7号线,化工
成都,5号线,北站西二路
杭州,3号线(石马-星桥),小和山
苏州,6号线,秋塘浜
南京,7号线南段,梦都大街东
深圳,6号线/光明线,科学公园
重庆,9号线,小龙坎
青岛,西海岸快线,盛海路(世博城)
西安,9号线,田王
广州,7号线,加庄
合肥,5号线,凌大塘
郑州,12号线,东风东路
武汉,6号线,钟家村
天津,9号线,一号桥
上海,7号线,静安寺
北京,7号线,百子湾
成都,5号线,西北桥
杭州,3号线(石马-星桥),石马
苏州,6号线,李公堤西
南京,7号线南段,新城科技园
深圳,6号线/光明线,光明
重庆,9号线,土湾
青岛,西海岸快线,大珠山
西安,9号线,洪庆
广州,7号线,姬堂
合肥,5号线,望湖城西
郑州,12号线,儿童医院·颐和医院
武汉,6号线,马鹦路
天津,9号线,中山门
上海,7号线,昌平路
北京,7号线,大郊亭
成都,5号线,花牌坊
杭州,4号线,浦沿
苏州,6号线,琼姬墩
南京,7号线南段,中胜
深圳,6号线/光明线,光明大街
重庆,9号线,红岩村
青岛,西海岸快线,张家楼
西安,9号线,紫霞三路
广州,7号线,大沙东
合肥,5号线,合肥南站
郑州,12号线,黄河南路
武汉,6号线,建港
天津,9号线,东兴路
上海,7号线,长寿路
北京,7号线,九龙山
成都,5号线,抚琴
杭州,4号线,杨家墩
苏州,6号线,南施公园南
南京,7号线南段,嘉陵江东街
深圳,6号线/光明线,凤凰城
重庆,9号线,富华路
青岛,西海岸快线,古镇口
西安,9号线,凤凰池
广州,7号线,裕丰围
合肥,5号线,盛大
郑州,12号线,西周
武汉,6号线,前进村
天津,9号线,直沽
上海,7号线,镇坪路
北京,7号线,双井
成都,5号线,中医大·省医院
杭州,4号线,中医药大学
苏州,6号线,苏州奥体中心
南京,7号线南段,永初路
深圳,6号线/光明线,长圳
重庆,9号线,化龙桥
青岛,西海岸快线,龙湾
西安,9号线,鹦鹉寺公园
广州,7号线,长洲
合肥,5号线,包河苑
郑州,12号线,经北五路
武汉,6号线,国博中心北
天津,9号线,十一经路
上海,7号线,岚皋路
北京,7号线,广渠门外
成都,5号线,青羊宫
杭州,4号线,联庄
苏州,6号线,儿童医院总院
南京,7号线南段,太清路
深圳,6号线/光明线,上屋
重庆,9号线,李家坪
青岛,西海岸快线,琅琊
西安,9号线,芷阳广场
广州,7号线,深井
合肥,5号线,义兴
郑州,12号线,福塔东
郑州,12号线,梁湖
天津,9号线,大王庄
上海,7号线,新村路
北京,7号线,广渠门内
成都,5号线,省骨科医院
杭州,4号线,水澄桥
苏州,6号线,涵青桥
南京,7号线南段,螺塘路
深圳,6号线/光明线,官田
重庆,9号线,蚂蝗梁
青岛,西海岸快线,贡口湾
西安,9号线,西工程大·西科大(临潼校区)
广州,7号线,大学城南
合肥,5号线,大连路
武汉,6号线,国博中心南
郑州,14号线,铁炉
天津,9号线,天津站
上海,7号线,大华三路
北京,7号线,磁器口
成都,5号线,高升桥
杭州,4号线,复兴路
苏州,6号线,金家堰
南京,7号线南段,西善桥
深圳,6号线/光明线,阳台山东
重庆,9号线,观音桥
青岛,西海岸快线,董家口港
西安,9号线,西花园
广州,7号线,板桥
合肥,5号线,花园大道
武汉,6号线,老关村
郑州,14号线,市民大道
天津,10号线,屿东城
上海,7号线,行知路
北京,7号线,桥湾
成都,5号线,科园
杭州,4号线,南星桥
苏州,6号线,北斜步
南京,S8号线(宁天线),长江大桥北
深圳,6号线/光明线,元芬
重庆,9号线,鲤鱼池
青岛,西海岸快线,泊里
西安,9号线,华清池
广州,7号线,员岗
合肥,5号线,黄河路
武汉,6号线,江城大道
郑州,14号线,市委党校
郑州,14号线,奥体中心
上海,7号线,大场镇
北京,7号线,珠市口
成都,5号线,九兴大道
杭州,4号线,甬江路
苏州,6号线,南斜步
南京,S8号线(宁天线),毛纺厂路
深圳,6号线/光明线,上芬
重庆,9号线,刘家台
青岛,西海岸快线,董家口火车站
西安,9号线,东三岔
广州,7号线,南村万博
合肥,5号线,扬子江路
武汉,6号线,车城东路
天津,10号线,崂山道
郑州,14号线,莲湖
上海,7号线,场中路
北京,7号线,虎坊桥
成都,5号线,神仙树
杭州,4号线,近江
苏州,6号线,金尚路
南京,S8号线(宁天线),泰山新村
深圳,6号线/光明线,红山
重庆,9号线,江北城
西安,9号线,银桥大道
广州,7号线,汉溪长隆
合肥,5号线,义城
武汉,6号线,东风公司
天津,10号线,香山道
郑州,城郊线,南四环
上海,7号线,上大路
北京,7号线,菜市口
成都,5号线,石羊立交
杭州,4号线,城星路
苏州,6号线,桑田岛
南京,S8号线(宁天线),泰冯路
深圳,6号线/光明线,深圳北站
重庆,9号线,五里店
西安,9号线,秦陵西
广州,7号线,钟村
合肥,5号线,省行政中心东
武汉,7号线,黄陂广场
天津,10号线,万山道
郑州,城郊线,十八里河
上海,7号线,南陈路
北京,7号线,广安门内
成都,5号线,市一医院
杭州,4号线,市民中心
杭州,4号线,江锦路
南京,S8号线(宁天线),高新开发区
深圳,6号线/光明线,梅林关
重庆,9号线,溉澜溪
西安,10号线,井上村
广州,7号线,谢村
合肥,5号线,方兴湖
武汉,7号线,百泰路
天津,10号线,沙柳南路
郑州,城郊线,沙窝李
上海,7号线,上海大学
北京,7号线,达官营
成都,5号线,交子大道
苏州,7号线,常楼
杭州,4号线,钱江路
南京,S8号线(宁天线),信息工程大学
深圳,6号线/光明线,翰岭
重庆,9号线,头塘
西安,10号线,帽珥冢
广州,7号线,石壁
合肥,5号线,渡江纪念馆
武汉,7号线,青仔村(轨道产业基地)
天津,10号线,方山道
郑州,城郊线,双湖大道
上海,7号线,祁华路
北京,7号线,湾子
成都,5号线,锦城大道
成都,5号线,锦城湖
杭州,4号线,景芳
南京,S8号线(宁天线),卸甲甸
深圳,6号线/光明线,银湖
重庆,9号线,保税港
西安,10号线,团结村
广州,7号线,广州南站
合肥,5号线,沈湾
武汉,7号线,横店
天津,10号线,金贸产业园
天津,10号线,龙涵道
上海,7号线,顾村公园
北京,7号线,北京西站
苏州,7号线,登云
成都,5号线,大源
杭州,4号线,新塘
南京,S8号线(宁天线),大厂
深圳,6号线/光明线,八卦岭
重庆,9号线,何家梁
西安,10号线,红旗厂
广州,7号线,大洲
合肥,5号线,华山路
武汉,7号线,裕福路
郑州,城郊线,小乔
天津,10号线,环宇道
上海,7号线,刘行
北京,8号线,瀛海
苏州,7号线,蠡塘河路
成都,5号线,民乐
杭州,4号线,新风
南京,S8号线(宁天线),葛塘
深圳,6号线/光明线,体育中心
重庆,9号线,石盘河
西安,10号线,西安工大·武德路
广州,7号线,陈村北
合肥,5号线,云谷路
武汉,7号线,天阳大道
郑州,城郊线,华南城西
天津,10号线,柳林路
上海,7号线,潘广路
北京,8号线,德茂
苏州,7号线,春申湖东路
成都,5号线,骑龙
杭州,4号线,火车东站
南京,S8号线(宁天线),长芦
深圳,6号线/光明线,通新岭
重庆,9号线,上湾路
西安,10号线,景家堡
广州,7号线,陈村
合肥,5号线,清水冲
武汉,7号线,腾龙大道
郑州,城郊线,华南城
天津,10号线,财经大学
上海,7号线,罗南新村
北京,8号线,五福堂
苏州,7号线,华元路东
成都,5号线,警官学院
杭州,4号线,彭埠
南京,S8号线(宁天线),化工园
深圳,6号线/光明线,科学馆
重庆,9号线,青岗坪
西安,10号线,未央湖
广州,7号线,锦龙
合肥,5号线,云川公园
武汉,7号线,巨龙大道
郑州,城郊线,华南城东
天津,10号线,微山路
上海,7号线,美兰湖
北京,8号线,火箭万源
苏州,7号线,白荡北
成都,5号线,二江寺
杭州,4号线,明石路
南京,S8号线(宁天线),六合开发区
深圳,6号线支线,光明
重庆,9号线,宝圣湖
西安,10号线,西堡
广州,7号线,南涌
合肥,5号线,滨湖竹园
武汉,7号线,汤云海路
郑州,城郊线,孟庄
天津,10号线,玛钢厂
上海,8号线,沈杜公路
北京,8号线,东高地
苏州,7号线,板泾
成都,5号线,南湖立交
杭州,4号线,黎明
南京,S8号线(宁天线),龙池
深圳,6号线支线,圳美
重庆,9号线,兴科大道
西安,10号线,水流
广州,7号线,美的
合肥,5号线,贵阳路
武汉,7号线,马池
郑州,城郊线,港区北
天津,10号线,春海路
上海,8号线,联航路
北京,8号线,和义
苏州,7号线,洋泾
成都,5号线,怡心湖
杭州,4号线,笕桥老街
南京,S8号线(宁天线),雄州
深圳,6号线支线,中大
重庆,9号线,春华大道
西安,10号线,泾渭半岛
广州,7号线,北滘公园
武汉,7号线,园博园北
郑州,城郊线,康平湖
天津,10号线,南珠桥
上海,8号线,江月路
北京,8号线,大红门南
苏州,7号线,积翠桥
成都,5号线,龙马路
杭州,4号线,华中南路
南京,S8号线(宁天线),凤凰山公园
深圳,6号线支线,深理工
重庆,9号线,兰桂大道
西安,10号线,杨官寨
广州,7号线,美的大道
武汉,7号线,园博园
郑州,城郊线,兰河公园
天津,10号线,友谊南路
上海,8号线,浦江镇
北京,8号线,海户屯
苏州,7号线,中央公园
成都,5号线,回龙
杭州,4号线,新天地街
南京,S8号线(宁天线),方州广场
深圳,7号线/西丽线,西丽湖
重庆,9号线,中央公园东
西安,10号线,军庄
广州,8号线,滘心
武汉,7号线,常码头
郑州,城郊线,恩平湖
天津,10号线,江湾二支路
上海,8号线,芦恒路
北京,8号线,木樨园
苏州,7号线,惹云桥
成都,6号线,望丛祠
杭州,4号线,皋亭坝
南京,S8号线(宁天线),沈桥
深圳,7号线/西丽线,西丽
重庆,9号线,丛岩寺
西安,10号线,崇皇
广州,8号线,亭岗
武汉,7号线,武汉商务区
郑州,城郊线,综合保税区
天津,10号线,丽江道
上海,8号线,凌兆新村
北京,8号线,永定门外
苏州,7号线,黄天荡
成都,6号线,和平街
杭州,4号线,桃源街
南京,S8号线(宁天线),八百桥
深圳,7号线/西丽线,茶光
重庆,9号线,花石沟
西安,10号线,榆楚
广州,8号线,石井
武汉,7号线,王家墩东
郑州,城郊线,新郑机场
天津,10号线,昌凌路
上海,8号线,东方体育中心
北京,8号线,天桥
苏州,7号线,娄葑
成都,6号线,郫筒
杭州,4号线,吴家角港
南京,S8号线(宁天线),金牛湖
深圳,7号线/西丽线,珠光
重庆,10号线,兰花路
西安,10号线,鹿苑大道
广州,8号线,小坪
武汉,7号线,取水楼
郑州,城郊线,新郑机场
天津,10号线,瑶环路
上海,8号线,杨思
北京,8号线,珠市口
苏州,7号线,群力
成都,6号线,蜀新大道
杭州,4号线,独城生态公园
南京,S9号线(宁高线),翔宇路南
深圳,7号线/西丽线,龙井
重庆,10号线,南湖
西安,10号线,杏王
广州,8号线,石潭
武汉,7号线,香港路
郑州,城郊线,机场东
天津,10号线,于台
上海,8号线,成山路
北京,8号线,前门
苏州,7号线,通园路南
成都,6号线,檬梓
杭州,4号线,平安桥
杭州,4号线,储运路
深圳,7号线/西丽线,桃源村
重庆,10号线,万寿路
西安,10号线,昭慧广场
广州,8号线,聚龙
武汉,7号线,三阳路
郑州,城郊线,港区会展
天津,11号线,东江道
上海,8号线,耀华路
北京,8号线,王府井
苏州,7号线,林家潭
成都,6号线,尚锦路
南京,S9号线(宁高线),铜山
杭州,4号线,杭行路
深圳,7号线/西丽线,深云
重庆,10号线,后堡
西安,14号线,贺韶
广州,8号线,上步
武汉,7号线,徐家棚
郑州,城郊线,郑州航空港站
天津,11号线,学苑北路
上海,8号线,中华艺术宫
北京,8号线,金鱼胡同
苏州,7号线,郭巷
成都,6号线,红高路
南京,S9号线(宁高线),石湫
杭州,4号线,好运街
深圳,7号线/西丽线,安托山
重庆,10号线,七星岗
西安,14号线,港务大道
广州,8号线,同德
武汉,7号线,湖北大学
郑州,郑许线,长安路北
天津,11号线,海河东路
上海,8号线,西藏南路
北京,8号线,中国美术馆
苏州,7号线,尹山
成都,6号线,天宇路
南京,S9号线(宁高线),明觉
杭州,4号线,金家渡
深圳,7号线/西丽线,农林
重庆,10号线,大礼堂
西安,14号线,新寺
广州,8号线,鹅掌坦
武汉,7号线,新河街
郑州,郑许线,港区北
天津,11号线,环宇道
上海,8号线,陆家浜路
北京,8号线,南锣鼓巷
苏州,7号线,金家桥南
成都,6号线,犀浦
南京,S9号线(宁高线),团结圩
杭州,4号线,池华街
深圳,7号线/西丽线,车公庙
重庆,10号线,曾家岩
西安,14号线,双寨
广州,8号线,西村
武汉,7号线,螃蟹岬
郑州,郑许线,文体中心
天津,11号线,雪莲南路
上海,8号线,老西门
北京,8号线,什刹海
苏州,7号线,枫津路
成都,6号线,交大兴业北街
南京,S9号线(宁高线),高淳
杭州,5号线,金星
深圳,7号线/西丽线,上沙
重庆,10号线,鲤鱼池
西安,14号线,奥体中心
广州,8号线,彩虹桥
武汉,7号线,小东门
郑州,郑许线,枣园
天津,11号线,招远路
上海,8号线,大世界
北京,8号线,鼓楼大街
苏州,7号线,红庄
成都,6号线,梓潼宫
南京,10号线,安德门
杭州,5号线,绿汀路
深圳,7号线/西丽线,沙尾
重庆,10号线,红土地
西安,14号线,北辰
广州,8号线,陈家祠
武汉,7号线,武昌火车站
郑州,郑许线,翱翔路
天津,11号线,东丽文体中心
上海,8号线,人民广场
北京,8号线,安德里北街
苏州,7号线,蠡墅
成都,6号线,侯家桥
南京,10号线,小行
杭州,5号线,葛巷
深圳,7号线/西丽线,石厦
重庆,10号线,龙头寺公园
西安,14号线,西安工大·武德路
广州,8号线,华林寺
武汉,7号线,瑞安街
郑州,郑许线,长安路南
天津,11号线,驯海路
上海,8号线,曲阜路
北京,8号线,安华桥
苏州,7号线,石湖莫舍
成都,6号线,兴盛
南京,10号线,中胜
杭州,5号线,创景路
深圳,7号线/西丽线,皇岗村
重庆,10号线,重庆北站南广场
西安,14号线,文景山公园
广州,8号线,文化公园
武汉,7号线,建安街
郑州,郑许线,新郑机场(郑许线)
天津,11号线,东丽一经路
上海,8号线,中兴路
北京,8号线,北土城
苏州,7号线,越溪
成都,6号线,青杠
南京,10号线,元通
杭州,5号线,良睦路
深圳,7号线/西丽线,福民
重庆,10号线,重庆北站北广场
西安,14号线,西安北站
广州,8号线,同福西
武汉,7号线,湖工大
郑州,郑许线,遵大路
天津,11号线,东丽三经路
上海,8号线,西藏北路
北京,8号线,奥体中心
苏州,7号线,文溪路
成都,6号线,西华大道
南京,10号线,奥体中心
杭州,5号线,杭师大仓前
深圳,7号线/西丽线,皇岗口岸
重庆,10号线,民心佳园
西安,14号线,渭河南
广州,8号线,凤凰新村
武汉,7号线,板桥
郑州,郑许线,苑陵故城西
天津,11号线,东丽六经路
上海,8号线,虹口足球场
北京,8号线,奥林匹克公园
苏州,7号线,天鹅荡路
成都,6号线,金府
南京,10号线,梦都大街
杭州,5号线,永福
深圳,7号线/西丽线,赤尾
重庆,10号线,三亚湾
西安,14号线,秦宫
广州,8号线,沙园
武汉,7号线,野芷湖
郑州,郑许线,洵美路
天津,津静线,京华东道
上海,8号线,曲阳路
北京,8号线,森林公园南门
苏州,7号线,苏州湾北
成都,6号线,星河
南京,10号线,绿博园
杭州,5号线,五常
深圳,7号线/西丽线,华强南
重庆,10号线,上湾路
西安,14号线,秦汉新城
广州,8号线,宝岗大道
武汉,7号线,新路村
郑州,郑许线,龙王
天津,津静线,精武
上海,8号线,四平路
北京,8号线,林萃桥
苏州,7号线,木里
成都,6号线,西南交大
南京,10号线,江心洲
杭州,5号线,蒋村
深圳,7号线/西丽线,华强北
重庆,10号线,环山公园
西安,14号线,长陵
广州,8号线,昌岗
武汉,7号线,大花岭
郑州,郑许线,龙王南
天津,津静线,团泊健康城
上海,8号线,鞍山新村
北京,8号线,永泰庄
苏州,8号线,西津桥
成都,6号线,沙湾
南京,10号线,临江·青奥体育公园
杭州,5号线,浙大紫金港
深圳,7号线/西丽线,华新
重庆,10号线,长河
西安,14号线,摆旗寨
广州,8号线,晓港
武汉,7号线,江夏客厅
郑州,郑许线,双鹤湖北
天津,津静线,团泊医学园
上海,8号线,江浦路
北京,8号线,西小口
苏州,8号线,新元
成都,6号线,西北桥
南京,10号线,浦口万汇城
杭州,5号线,三坝
深圳,7号线/西丽线,黄木岗
重庆,10号线,江北机场T3航站楼
西安,14号线,艺术中心
广州,8号线,中大
武汉,7号线,谭鑫培公园
郑州,郑许线,双鹤湖
上海,8号线,黄兴路
北京,8号线,育新
苏州,8号线,时家桥
成都,6号线,人民北路
南京,10号线,南京工业大学
杭州,5号线,萍水街
深圳,7号线/西丽线,八卦岭
重庆,10号线,江北机场T2航站楼
西安,14号线,空港新城
广州,8号线,鹭江
武汉,7号线,北华街
郑州,郑许线,双鹤湖南
上海,8号线,延吉中路
北京,8号线,霍营
苏州,8号线,白洋湾公园
成都,6号线,梁家巷
南京,10号线,龙华路
杭州,5号线,和睦
深圳,7号线/西丽线,红岭北
重庆,10号线,渝北广场
西安,14号线,机场西(T1/T2/T3)
广州,8号线,客村
武汉,7号线,纸坊大街
郑州,郑许线,八千
上海,8号线,黄兴公园
北京,8号线,回龙观东大街
苏州,8号线,虎北路
成都,6号线,前锋路
南京,10号线,文德路
杭州,5号线,大运河
深圳,7号线/西丽线,笋岗
重庆,10号线,鹿山
西安,16号线,秦创原中心
广州,8号线,赤岗
武汉,7号线,青龙山地铁小镇
郑州,郑许线,双庙李
上海,8号线,翔殷路
北京,8号线,平西府
苏州,8号线,虎丘湿地公园
成都,6号线,电子科大建设北路
南京,10号线,雨山路
杭州,5号线,拱宸桥东
深圳,7号线/西丽线,洪湖
重庆,10号线,中央公园东
西安,16号线,西咸大厦
广州,8号线,磨碟沙
武汉,8号线,金潭路
郑州,郑许线,大周
上海,8号线,嫩江路
北京,8号线,育知路
苏州,8号线,孙武纪念园
成都,6号线,新鸿路
杭州,5号线,善贤
深圳,7号线/西丽线,田贝
重庆,10号线,中央公园
西安,16号线,上林路
广州,8号线,新港东
武汉,8号线,宏图大道
郑州,郑许线,颍川路
上海,8号线,市光路
北京,8号线,朱辛庄
苏州,8号线,御窑
成都,6号线,玉双路
杭州,5号线,西文街
深圳,7号线/西丽线,太安
重庆,10号线,中央公园西
西安,16号线,复兴大道北
广州,8号线,琶洲
武汉,8号线,塔子湖
郑州,郑许线,葛天源
上海,9号线,曹路
北京,9号线,郭公庄
苏州,8号线,陆慕古巷
成都,6号线,牛王庙
杭州,5号线,东新园
深圳,9号线/梅林线,前湾
重庆,10号线,悦来
西安,16号线,西安国际足球中心
广州,8号线,万胜围
武汉,8号线,中一路
郑州,郑许线,永和路
上海,9号线,民雷路
北京,9号线,丰台科技园
苏州,8号线,阳澄湖中路
成都,6号线,顺江路
杭州,5号线,杭氧
深圳,9号线/梅林线,梦海
重庆,10号线,王家庄
西安,16号线,细柳营
广州,9号线,高增
武汉,8号线,竹叶山
郑州,郑许线,农大路
上海,9号线,顾唐路
北京,9号线,科怡路
苏州,8号线,夏圩
成都,6号线,三官堂
杭州,5号线,打铁关
深圳,9号线/梅林线,怡海
重庆,18号线,跳磴南
西安,16号线,沣东城市广场
广州,9号线,清塘
武汉,8号线,赵家条
郑州,郑许线,体育中心
上海,9号线,金海路
北京,9号线,丰台南路
苏州,8号线,白荡北
成都,6号线,东光
杭州,5号线,宝善桥
深圳,9号线/梅林线,荔林
重庆,18号线,跳磴
西安,16号线,欢乐谷
西安,16号线,诗经里
武汉,8号线,黄浦路
郑州,郑许线,电气谷
上海,9号线,金吉路
北京,9号线,丰台东大街
苏州,8号线,五潨泾
成都,6号线,琉璃场
杭州,5号线,建国北路
深圳,9号线/梅林线,南油西
重庆,18号线,金鳌山
广州,9号线,清布
武汉,8号线,徐家棚
郑州,郑许线,芙蓉湖
上海,9号线,金桥
北京,9号线,七里庄
苏州,8号线,古香圩
苏州,8号线,南泽庄
杭州,5号线,万安桥
深圳,9号线/梅林线,南油
重庆,18号线,伏牛溪
广州,9号线,莲塘
武汉,8号线,徐东
郑州,郑许线,鹿鸣湖
上海,9号线,台儿庄路
北京,9号线,六里桥
成都,6号线,琉三路
苏州,8号线,唐庄
杭州,5号线,城站
深圳,9号线/梅林线,南山书城
重庆,18号线,白居寺
广州,9号线,马鞍山公园
武汉,8号线,汪家墩
郑州,郑许线,许昌东站
上海,9号线,蓝天路
北京,9号线,六里桥东
成都,6号线,金石路
苏州,8号线,古楼
杭州,5号线,江城路
深圳,9号线/梅林线,深大南
重庆,18号线,茄子溪
广州,9号线,花都广场
武汉,8号线,岳家嘴
上海,9号线,芳甸路
北京,9号线,北京西站
成都,6号线,金融城东
苏州,8号线,苏州园区火车站
杭州,5号线,候潮门
深圳,9号线/梅林线,粤海门
深圳,9号线/梅林线,高新南
广州,9号线,花果山公园
武汉,8号线,梨园
上海,9号线,杨高中路
北京,9号线,军事博物馆
成都,6号线,中和
苏州,8号线,华池浜
杭州,5号线,南星桥
重庆,18号线,巴滨路湿地公园
深圳,9号线/梅林线,红树湾南
广州,9号线,花城路
武汉,8号线,省博湖北日报
上海,9号线,世纪大道
北京,9号线,白堆子
成都,6号线,张家寺
苏州,8号线,时代广场
杭州,5号线,长河
重庆,18号线,花溪工业园
深圳,9号线/梅林线,深湾
广州,9号线,广州北站
武汉,8号线,中南医院
上海,9号线,商城路
北京,9号线,白石桥南
成都,6号线,陆肖
苏州,8号线,苏州当代美术馆
杭州,5号线,聚才路
重庆,18号线,重庆理工大学
深圳,9号线/梅林线,深圳湾公园
广州,9号线,花都汽车城
武汉,8号线,水果湖
上海,9号线,小南门
北京,9号线,国家图书馆
成都,6号线,观东
苏州,8号线,琼姬墩
杭州,5号线,江晖路
重庆,18号线,李家沱大桥
深圳,9号线/梅林线,下沙
广州,9号线,飞鹅岭
武汉,8号线,洪山路
上海,9号线,陆家浜路
北京,10号线,巴沟
成都,6号线,新通大道
苏州,8号线,斜塘
杭州,5号线,滨康路
重庆,18号线,电厂
深圳,9号线/梅林线,车公庙
广州,13号线,鱼珠
武汉,8号线,小洪山
上海,9号线,马当路
北京,10号线,苏州街
成都,6号线,新川路
苏州,8号线,莲池桥
杭州,5号线,博奥路
重庆,18号线,四川美术学院
深圳,9号线/梅林线,香梅
广州,13号线,裕丰围
武汉,8号线,街道口
上海,9号线,打浦桥
北京,10号线,海淀黄庄
北京,10号线,知春里
苏州,8号线,仁爱路
杭州,5号线,金鸡路
重庆,18号线,黄桷坪
深圳,9号线/梅林线,景田
广州,13号线,双岗
武汉,8号线,马房山
上海,9号线,嘉善路
成都,6号线,龙灯山
北京,10号线,知春路
苏州,8号线,松涛街
杭州,5号线,人民广场
重庆,18号线,滩子口
深圳,9号线/梅林线,梅景
广州,13号线,南海神庙
武汉,8号线,文治街
上海,9号线,肇嘉浜路
成都,6号线,蒲草塘
北京,10号线,西土城
苏州,8号线,裕新路
杭州,5号线,育才北路
重庆,18号线,杨家坪
深圳,9号线/梅林线,下梅林
广州,13号线,夏园
武汉,8号线,文昌路
上海,9号线,徐家汇
成都,6号线,万安
北京,10号线,牡丹园
苏州,8号线,车坊
杭州,5号线,通惠中路
重庆,18号线,石坪桥
深圳,9号线/梅林线,梅村
广州,13号线,南岗
武汉,8号线,省农科院
上海,9号线,宜山路
成都,6号线,麓山大道
北京,10号线,健德门
苏州,11号线,唯亭
杭州,5号线,火车南站
重庆,18号线,奥体中心
深圳,9号线/梅林线,上梅林
广州,13号线,沙村
武汉,8号线,马湖
上海,9号线,桂林路
成都,6号线,沈阳路
北京,10号线,北土城
苏州,11号线,草鞋山
杭州,5号线,双桥
重庆,18号线,富华路
深圳,9号线/梅林线,孖岭
广州,13号线,白江
武汉,8号线,野芷湖
上海,9号线,漕河泾开发区
成都,6号线,青岛路(法务区)
北京,10号线,安贞门
苏州,11号线,阳澄湖东
杭州,5号线,姑娘桥
重庆,轨道交通国博线,沙河坝
深圳,9号线/梅林线,银湖
广州,13号线,新塘
武汉,8号线,黄家湖地铁小镇
上海,9号线,合川路
成都,6号线,昌公堰
北京,10号线,惠新西街南口
苏州,11号线,正仪
杭州,6号线(桂花西路-枸桔弄),枸桔弄
重庆,轨道交通国博线,红岩坪
深圳,9号线/梅林线,泥岗
广州,13号线,官湖
武汉,8号线,军运村
上海,9号线,星中路
成都,6号线,杭州路
北京,10号线,芍药居
苏州,11号线,莲湖公园
杭州,6号线(桂花西路-枸桔弄),火车东站(东广场)
重庆,轨道交通国博线,复兴
深圳,9号线/梅林线,红岭北
广州,13号线,新沙
武汉,11号线,武汉东站
上海,9号线,七宝
成都,6号线,天府商务区
北京,10号线,太阳宫
苏州,11号线,祖冲之公园
杭州,6号线(桂花西路-枸桔弄),元宝塘
重庆,轨道交通国博线,思源
深圳,9号线/梅林线,园岭
广州,14号线,嘉禾望岗
武汉,11号线,湖口
上海,9号线,中春路
成都,6号线,西博城
北京,10号线,三元桥
苏州,11号线,昆山文化艺术中心
杭州,6号线(桂花西路-枸桔弄),昙花庵路
重庆,轨道交通国博线,刘家院子
深圳,9号线/梅林线,红岭
广州,14号线,白云东平
武汉,11号线,光谷同济医院
上海,9号线,九亭
成都,6号线,秦皇寺
北京,10号线,亮马桥
苏州,11号线,共青
杭州,6号线(桂花西路-枸桔弄),三堡
重庆,轨道交通国博线,清溪河
深圳,9号线/梅林线,红岭南
广州,14号线,夏良
武汉,11号线,光谷生物园
上海,9号线,泗泾
成都,6号线,松林
北京,10号线,农业展览馆
苏州,11号线,江浦
杭州,6号线(桂花西路-枸桔弄),亚运村
重庆,轨道交通国博线,王家庄
深圳,9号线/梅林线,鹿丹村
广州,14号线,太和
武汉,11号线,光谷四路
上海,9号线,佘山
成都,6号线,芦角
北京,10号线,团结湖
苏州,11号线,白马泾
杭州,6号线(桂花西路-枸桔弄),丰北
重庆,轨道交通国博线,悦来
深圳,9号线/梅林线,人民南
广州,14号线,竹料
武汉,11号线,光谷五路
上海,9号线,洞泾
成都,6号线,钓鱼嘴
北京,10号线,呼家楼
苏州,11号线,玉山广场
杭州,6号线(桂花西路-枸桔弄),钱江世纪城
重庆,轨道交通国博线,国博中心
深圳,9号线/梅林线,向西村
广州,14号线,钟落潭
武汉,11号线,光谷六路
上海,9号线,松江大学城
成都,6号线,回龙
北京,10号线,金台夕照
苏州,11号线,绣衣
杭州,6号线(桂花西路-枸桔弄),博览中心
重庆,轨道交通国博线,高义口
深圳,9号线/梅林线,文锦
广州,14号线,马沥
武汉,11号线,豹澥
上海,9号线,松江新城
成都,6号线,兰家沟
北京,10号线,国贸
苏州,11号线,昆山城市广场
杭州,6号线(桂花西路-枸桔弄),奥体中心
重庆,轨道交通国博线,黄茅坪
深圳,10号线/坂田线,双拥街
广州,14号线,新和
武汉,11号线,光谷七路
上海,9号线,松江体育中心
成都,7号线,火车北站
北京,10号线,双井
苏州,11号线,金浦大桥东
杭州,6号线(桂花西路-枸桔弄),星民
重庆,轨道交通国博线,欢乐谷
深圳,10号线/坂田线,平湖
广州,14号线,太平
武汉,11号线,长岭山
上海,9号线,醉白池
成都,7号线,北站西二路
北京,10号线,劲松
苏州,11号线,顺帆北路
杭州,6号线(桂花西路-枸桔弄),江陵路
重庆,轨道交通国博线,礼嘉
深圳,10号线/坂田线,禾花
广州,14号线,神岗
武汉,11号线,未来一路
上海,9号线,上海松江站
成都,7号线,九里堤
北京,10号线,潘家园
苏州,11号线,鱼池泾
杭州,6号线(桂花西路-枸桔弄),江汉路
重庆,环线,重庆图书馆
深圳,10号线/坂田线,华南城
广州,14号线,赤草
武汉,11号线,未来三路
上海,10号线(航中路-基隆路),基隆路
成都,7号线,西南交大
北京,10号线,十里河
苏州,11号线,白河潭
杭州,6号线(桂花西路-枸桔弄),长河
重庆,环线,天星桥
深圳,10号线/坂田线,木古
广州,14号线,从化客运站
武汉,11号线,左岭
上海,10号线(航中路-基隆路),港城路
成都,7号线,花照壁
北京,10号线,分钟寺
苏州,11号线,兵希
杭州,6号线(桂花西路-枸桔弄),建业路
重庆,环线,沙坪坝
深圳,10号线/坂田线,上李朗
广州,14号线,东风
武汉,11号线,葛店南站
上海,10号线(航中路-基隆路),高桥
成都,7号线,茶店子
北京,10号线,成寿寺
苏州,11号线,夏驾河公园
杭州,6号线(桂花西路-枸桔弄),诚业路
重庆,环线,重庆大学
深圳,10号线/坂田线,凉帽山
广州,14号线支线(知识城线),新和
武汉,16号线,国博中心南
上海,10号线(航中路-基隆路),高桥西
成都,7号线,一品天下
北京,10号线,宋家庄
苏州,11号线,盛庄
杭州,6号线(桂花西路-枸桔弄),伟业路
重庆,环线,玉带山
深圳,10号线/坂田线,甘坑
广州,14号线支线(知识城线),红卫
武汉,16号线,老关村
上海,10号线(航中路-基隆路),双江路
成都,7号线,金沙博物馆
北京,10号线,石榴庄
苏州,11号线,章基路南
杭州,6号线(桂花西路-枸桔弄),中医药大学
重庆,环线,南桥寺
深圳,10号线/坂田线,雪象
广州,14号线支线(知识城线),新南
武汉,16号线,南太子湖
上海,10号线(航中路-基隆路),国帆路
成都,7号线,文化宫
北京,10号线,大红门
苏州,11号线,夏桥
杭州,6号线(桂花西路-枸桔弄),西浦路
重庆,环线,体育公园
深圳,10号线/坂田线,岗头
广州,14号线支线(知识城线),枫下
武汉,16号线,沌口
上海,10号线(航中路-基隆路),新江湾城
成都,7号线,东坡路
北京,10号线,角门东
苏州,11号线,神童泾
杭州,6号线(桂花西路-枸桔弄),之江文化中心
重庆,环线,冉家坝
深圳,10号线/坂田线,华为
广州,14号线支线(知识城线),知识城
武汉,16号线,小军山
上海,10号线(航中路-基隆路),殷高东路
成都,7号线,龙爪堰
北京,10号线,角门西
苏州,11号线,菉葭
杭州,6号线(桂花西路-枸桔弄),枫桦西路
重庆,环线,动步公园
深圳,10号线/坂田线,贝尔路
广州,14号线支线(知识城线),何棠下
武汉,16号线,枫林
上海,10号线(航中路-基隆路),三门路
成都,7号线,武侯大道
北京,10号线,草桥
苏州,11号线,花桥博览中心
杭州,6号线(桂花西路-枸桔弄),美院象山
重庆,环线,洪湖东路
深圳,10号线/坂田线,坂田北
广州,14号线支线(知识城线),旺村
武汉,16号线,大军山
上海,10号线(航中路-基隆路),江湾体育场
成都,7号线,太平园
北京,10号线,纪家庙
苏州,11号线,集善
杭州,6号线(桂花西路-枸桔弄),音乐学院
重庆,环线,民安大道
深圳,10号线/坂田线,五和
广州,14号线支线(知识城线),汤村
武汉,16号线,桂子湖
上海,10号线(航中路-基隆路),五角场
成都,7号线,高朋大道
北京,10号线,首经贸
苏州,11号线,花溪公园
杭州,6号线(桂花西路-枸桔弄),中村
重庆,环线,重庆北站南广场
深圳,10号线/坂田线,光雅园
广州,14号线支线(知识城线),镇龙北
武汉,16号线,马影河
上海,10号线(航中路-基隆路),国权路
成都,7号线,神仙树
北京,10号线,丰台站
苏州,11号线,花桥
杭州,6号线(桂花西路-枸桔弄),野生动物园东
重庆,环线,渝鲁
深圳,10号线/坂田线,南坑
广州,14号线支线(知识城线),镇龙
武汉,16号线,协子河
上海,10号线(航中路-基隆路),同济大学
成都,7号线,火车南站
北京,10号线,泥洼
杭州,6号线(桂花西路-枸桔弄),银湖
重庆,环线,五里店
深圳,10号线/坂田线,雅宝
广州,18号线,冼村
武汉,16号线,湾湖
上海,10号线(航中路-基隆路),四平路
成都,7号线,三瓦窑
北京,10号线,西局
杭州,6号线(桂花西路-枸桔弄),虎啸杏
重庆,环线,弹子石
深圳,10号线/坂田线,孖岭
广州,18号线,磨碟沙
武汉,16号线,周家河
上海,10号线(航中路-基隆路),邮电新村
成都,7号线,琉璃场
北京,10号线,六里桥
杭州,6号线(桂花西路-枸桔弄),受降
重庆,环线,涂山
深圳,10号线/坂田线,冬瓜岭
广州,18号线,龙潭
武汉,16号线,纱帽
上海,10号线(航中路-基隆路),海伦路
成都,7号线,四川师大
北京,10号线,莲花桥
杭州,6号线(桂花西路-枸桔弄),富阳客运中心
重庆,环线,仁济
深圳,10号线/坂田线,莲花村
广州,18号线,沙溪
武汉,16号线,通航机场
上海,10号线(航中路-基隆路),四川北路
成都,7号线,狮子山
北京,10号线,公主坟
杭州,6号线(桂花西路-枸桔弄),高桥
重庆,环线,上新街
深圳,10号线/坂田线,岗厦北
广州,18号线,南村万博
武汉,19号线,新月溪公园
上海,10号线(航中路-基隆路),天潼路
成都,7号线,大观
北京,10号线,西钓鱼台
杭州,6号线(桂花西路-枸桔弄),阳陂湖
重庆,环线,上浩
深圳,10号线/坂田线,岗厦
广州,18号线,番禺广场
武汉,19号线,光谷五路
上海,10号线(航中路-基隆路),南京东路
成都,7号线,成都东客站
北京,10号线,慈寿寺
杭州,6号线(桂花西路-枸桔弄),公望街
重庆,环线,海棠溪
深圳,10号线/坂田线,福民
广州,18号线,横沥
武汉,19号线,花山河
上海,10号线(航中路-基隆路),豫园
成都,7号线,迎晖路
北京,10号线,车道沟
杭州,6号线(桂花西路-枸桔弄),桂花西路
重庆,环线,罗家坝
深圳,10号线/坂田线,福田口岸
深圳,11号线/机场线,碧头
武汉,19号线,花山新城
上海,10号线(航中路-基隆路),老西门
成都,7号线,槐树店
北京,10号线,长春桥
杭州,6号线(双浦-枸桔弄),枸桔弄
重庆,环线,四公里
广州,18号线,万顷沙
深圳,11号线/机场线,松岗
武汉,19号线,鼓架山
上海,10号线(航中路-基隆路),一大会址·新天地
成都,7号线,双店路
北京,10号线,火器营
杭州,6号线(双浦-枸桔弄),火车东站(东广场)
重庆,环线,南湖
广州,21号线,天河公园
深圳,11号线/机场线,后亭
武汉,19号线,武东
上海,10号线(航中路-基隆路),陕西南路
成都,7号线,崔家店
北京,11号线,模式口
杭州,6号线(双浦-枸桔弄),元宝塘
重庆,环线,海峡路
广州,21号线,棠东
深圳,11号线/机场线,沙井
武汉,19号线,武汉站西广场
上海,10号线(航中路-基隆路),上海图书馆
成都,7号线,理工大学
北京,11号线,金安桥
杭州,6号线(双浦-枸桔弄),昙花庵路
重庆,环线,谢家湾
广州,21号线,黄村
深圳,11号线/机场线,马安山
武汉,21号线(阳逻线),后湖大道
上海,10号线(航中路-基隆路),交通大学
成都,7号线,二仙桥
北京,11号线,北辛安
杭州,6号线(双浦-枸桔弄),三堡
重庆,环线,奥体中心
广州,21号线,大观南路
深圳,11号线/机场线,塘尾
武汉,21号线(阳逻线),百步亭花园路
上海,10号线(航中路-基隆路),虹桥路
成都,7号线,八里庄
北京,11号线,新首钢
杭州,6号线(双浦-枸桔弄),亚运村
重庆,环线,陈家坪
广州,21号线,天河智慧城
深圳,11号线/机场线,桥头
武汉,21号线(阳逻线),新荣
上海,10号线(航中路-基隆路),宋园路
成都,7号线,府青路
北京,12号线,东坝北
杭州,6号线(双浦-枸桔弄),丰北
重庆,环线,彩云湖
广州,21号线,神舟路
深圳,11号线/机场线,福永
武汉,21号线(阳逻线),幸福湾
上海,10号线(航中路-基隆路),伊犁路
成都,7号线,驷马桥
北京,12号线,东坝西
杭州,6号线(双浦-枸桔弄),钱江世纪城
重庆,环线,二郎
广州,21号线,科学城
深圳,11号线/机场线,机场北
武汉,21号线(阳逻线),朱家河
上海,10号线(航中路-基隆路),水城路
成都,8号线,桂龙路
北京,12号线,驼房营
杭州,6号线(双浦-枸桔弄),博览中心
重庆,环线,华龙
广州,21号线,苏元
深圳,11号线/机场线,机场
武汉,21号线(阳逻线),谌家矶
上海,10号线(航中路-基隆路),龙溪路
成都,8号线,桂林
北京,12号线,高家园
杭州,6号线(双浦-枸桔弄),奥体中心
重庆,环线,重庆西站
广州,21号线,水西
深圳,11号线/机场线,碧海湾
武汉,21号线(阳逻线),青龙
上海,10号线(航中路-基隆路),龙柏新村
成都,8号线,同乐
北京,12号线,将台西
杭州,6号线(双浦-枸桔弄),星民
重庆,环线,上桥
广州,21号线,长平
深圳,11号线/机场线,宝安
武汉,21号线(阳逻线),高车
上海,10号线(航中路-基隆路),紫藤路
成都,8号线,龙潭寺
北京,12号线,三元桥
杭州,6号线(双浦-枸桔弄),江陵路
重庆,环线,凤鸣山
广州,21号线,金坑
深圳,11号线/机场线,前海湾
武汉,21号线(阳逻线),武湖
上海,10号线(航中路-基隆路),航中路
成都,8号线,龙潭立交
北京,12号线,西坝河
杭州,6号线(双浦-枸桔弄),江汉路
重庆,江跳线,跳磴
广州,21号线,镇龙西
深圳,11号线/机场线,南山
武汉,21号线(阳逻线),沙口
上海,10号线(虹桥火车站-基隆路),基隆路
成都,8号线,圣灯公园
北京,12号线,光熙门
杭州,6号线(双浦-枸桔弄),长河
重庆,江跳线,石林寺
广州,21号线,镇龙
深圳,11号线/机场线,后海
武汉,21号线(阳逻线),军民村
上海,10号线(虹桥火车站-基隆路),港城路
成都,8号线,十里店
北京,12号线,和平西桥
杭州,6号线(双浦-枸桔弄),建业路
重庆,江跳线,九龙园
广州,21号线,中新
深圳,11号线/机场线,红树湾南
武汉,21号线(阳逻线),武生院
上海,10号线(虹桥火车站-基隆路),高桥
成都,8号线,理工大学
北京,12号线,安贞桥
杭州,6号线(双浦-枸桔弄),诚业路
重庆,江跳线,双福
广州,21号线,坑贝
深圳,11号线/机场线,车公庙
武汉,21号线(阳逻线),阳逻
上海,10号线(虹桥火车站-基隆路),高桥西
成都,8号线,东郊记忆
北京,12号线,安华桥
杭州,6号线(双浦-枸桔弄),伟业路
重庆,江跳线,享堂
广州,21号线,凤岗
深圳,11号线/机场线,福田
武汉,21号线(阳逻线),阳逻开发区
上海,10号线(虹桥火车站-基隆路),双江路
成都,8号线,杉板桥
北京,12号线,马甸桥
杭州,6号线(双浦-枸桔弄),中医药大学
重庆,江跳线,江津高铁
广州,21号线,朱村
深圳,11号线/机场线,岗厦北
武汉,21号线(阳逻线),施岗
上海,10号线(虹桥火车站-基隆路),国帆路
成都,8号线,万年路
北京,12号线,北太平庄
杭州,6号线(双浦-枸桔弄),西浦路
重庆,江跳线,圣泉寺
广州,21号线,山田
深圳,12号线/南宝线,海上田园东
武汉,21号线(阳逻线),金台
上海,10号线(虹桥火车站-基隆路),新江湾城
成都,8号线,双桥路
成都,8号线,东大路
杭州,6号线(双浦-枸桔弄),之江文化中心
广州,21号线,钟岗
深圳,12号线/南宝线,海上田园南
上海,10号线(虹桥火车站-基隆路),殷高东路
北京,12号线,蓟门桥
成都,8号线,净居寺
杭州,6号线(双浦-枸桔弄),枫桦西路
广州,21号线,增城广场
深圳,12号线/南宝线,国展北
上海,10号线(虹桥火车站-基隆路),三门路
北京,12号线,大钟寺
成都,8号线,东光
杭州,6号线(双浦-枸桔弄),美院象山
广州,22号线,陈头岗
深圳,12号线/南宝线,国展
上海,10号线(虹桥火车站-基隆路),江湾体育场
北京,12号线,人民大学
成都,8号线,东湖公园
杭州,6号线(双浦-枸桔弄),霞鸣街
广州,22号线,广州南站
深圳,12号线/南宝线,福海西
上海,10号线(虹桥火车站-基隆路),五角场
北京,12号线,苏州桥
成都,8号线,川大望江校区
杭州,6号线(双浦-枸桔弄),科海路
广州,22号线,市广路
深圳,12号线/南宝线,桥头西
上海,10号线(虹桥火车站-基隆路),国权路
北京,12号线,长春桥
成都,8号线,倪家桥
杭州,6号线(双浦-枸桔弄),双浦
广州,22号线,番禺广场
深圳,12号线/南宝线,福永
上海,10号线(虹桥火车站-基隆路),同济大学
北京,12号线,蓝靛厂
成都,8号线,芳草街
杭州,7号线,江东二路
广州,APM线,广州塔
深圳,12号线/南宝线,怀德
上海,10号线(虹桥火车站-基隆路),四平路
北京,12号线,四季青桥
成都,8号线,永丰
杭州,7号线,启成路
广州,APM线,海心沙
深圳,12号线/南宝线,福围
上海,10号线(虹桥火车站-基隆路),邮电新村
北京,13号线,西直门
成都,8号线,九兴大道
杭州,7号线,青六中路
广州,APM线,大剧院
深圳,12号线/南宝线,机场东
上海,10号线(虹桥火车站-基隆路),海伦路
北京,13号线,大钟寺
成都,8号线,高朋大道
杭州,7号线,塘新线
广州,APM线,花城大道
深圳,12号线/南宝线,兴围
上海,10号线(虹桥火车站-基隆路),四川北路
北京,13号线,知春路
成都,8号线,殷家林
杭州,7号线,义蓬
广州,APM线,妇儿中心
深圳,12号线/南宝线,黄田
上海,10号线(虹桥火车站-基隆路),天潼路
北京,13号线,五道口
成都,8号线,庆安
杭州,7号线,新镇路
广州,APM线,黄埔大道
深圳,12号线/南宝线,钟屋南
上海,10号线(虹桥火车站-基隆路),南京东路
北京,13号线,上地
成都,8号线,石羊
杭州,7号线,永盛路
广州,APM线,天河南
深圳,12号线/南宝线,西乡桃源
上海,10号线(虹桥火车站-基隆路),豫园
北京,13号线,清河站
成都,8号线,三元
杭州,7号线,萧山国际机场
广州,APM线,体育中心南
深圳,12号线/南宝线,平峦山
上海,10号线(虹桥火车站-基隆路),老西门
北京,13号线,西二旗
成都,8号线,顺风
杭州,7号线,新港
广州,APM线,林和西
深圳,12号线/南宝线,宝田一路
上海,10号线(虹桥火车站-基隆路),一大会址·新天地
北京,13号线,龙泽
成都,8号线,珠江路
杭州,7号线,坎山
广州,广佛线,沥滘
深圳,12号线/南宝线,宝安客运站
上海,10号线(虹桥火车站-基隆路),陕西南路
北京,13号线,回龙观
成都,8号线,川大江安校区
杭州,7号线,盈中
广州,广佛线,南洲
深圳,12号线/南宝线,流塘
上海,10号线(虹桥火车站-基隆路),上海图书馆
北京,13号线,霍营
成都,8号线,文星
杭州,7号线,合欢路
广州,广佛线,石溪
深圳,12号线/南宝线,上川
上海,10号线(虹桥火车站-基隆路),交通大学
北京,13号线,立水桥
成都,8号线,莲花
杭州,7号线,新街
广州,广佛线,燕岗
深圳,12号线/南宝线,灵芝
上海,10号线(虹桥火车站-基隆路),虹桥路
北京,13号线,北苑
成都,8号线,龙港
杭州,7号线,新汉路
广州,广佛线,沙园
深圳,12号线/南宝线,新安公园
上海,10号线(虹桥火车站-基隆路),宋园路
北京,13号线,望京西
成都,9号线,黄田坝
杭州,7号线,新兴路
广州,广佛线,沙涌
深圳,12号线/南宝线,同乐南
上海,10号线(虹桥火车站-基隆路),伊犁路
北京,13号线,芍药居
成都,9号线,成都西站
杭州,7号线,建设三路
广州,广佛线,鹤洞
深圳,12号线/南宝线,中山公园
上海,10号线(虹桥火车站-基隆路),水城路
北京,13号线,光熙门
成都,9号线,培风
杭州,7号线,明星路
广州,广佛线,西塱
深圳,12号线/南宝线,南头古城
上海,10号线(虹桥火车站-基隆路),龙溪路
北京,13号线,柳芳
成都,9号线,机投桥
杭州,7号线,兴议
广州,广佛线,菊树
深圳,12号线/南宝线,桃园
上海,10号线(虹桥火车站-基隆路),上海动物园
北京,13号线,东直门
成都,9号线,武青南路
杭州,7号线,奥体中心
广州,广佛线,龙溪
深圳,12号线/南宝线,南山
上海,10号线(虹桥火车站-基隆路),虹桥1号航站楼
北京,14号线,善各庄
成都,9号线,簇桥
杭州,7号线,市民中心
广州,广佛线,金融高新区
深圳,12号线/南宝线,南光
上海,10号线(虹桥火车站-基隆路),虹桥2号航站楼
北京,14号线,来广营
成都,9号线,华兴
杭州,7号线,观音塘
广州,广佛线,千灯湖
深圳,12号线/南宝线,南油
上海,10号线(虹桥火车站-基隆路),虹桥火车站
北京,14号线,东湖渠
成都,9号线,太平寺
杭州,7号线,莫邪塘
广州,广佛线,礌岗
深圳,12号线/南宝线,四海
上海,11号线(嘉定北-迪士尼),嘉定北
北京,14号线,望京
成都,9号线,三元
杭州,7号线,江城路
广州,广佛线,南桂路
深圳,12号线/南宝线,花果山
上海,11号线(嘉定北-迪士尼),嘉定西
北京,14号线,阜通
成都,9号线,锦城大道
杭州,7号线,吴山广场
广州,广佛线,桂城
深圳,12号线/南宝线,海上世界
上海,11号线(嘉定北-迪士尼),白银路
北京,14号线,望京南
成都,9号线,孵化园
杭州,8号线,文海南路
广州,广佛线,朝安
深圳,12号线/南宝线,太子湾
上海,11号线(嘉定北-迪士尼),嘉定新城
北京,14号线,将台
成都,9号线,心岛
杭州,8号线,工商大学云滨
广州,广佛线,普君北路
深圳,12号线/南宝线,左炮台东
上海,11号线(嘉定北-迪士尼),马陆
北京,14号线,东风北桥
成都,9号线,金融城东
杭州,8号线,桥头堡
广州,广佛线,祖庙
深圳,14号线/东部快线,岗厦北
上海,11号线(嘉定北-迪士尼),陈翔公路
北京,14号线,枣营
成都,10号线,太平园
杭州,8号线,河庄路
广州,广佛线,同济路
深圳,14号线/东部快线,黄木岗
上海,11号线(嘉定北-迪士尼),南翔
北京,14号线,朝阳公园
成都,10号线,簇锦
杭州,8号线,青西三路
广州,广佛线,季华园
深圳,14号线/东部快线,罗湖北
上海,11号线(嘉定北-迪士尼),桃浦新村
北京,14号线,金台路
成都,10号线,华兴
杭州,8号线,青六中路
广州,广佛线,魁奇路
深圳,14号线/东部快线,布吉
上海,11号线(嘉定北-迪士尼),武威路
北京,14号线,大望路
成都,10号线,金花
杭州,8号线,仓北村
广州,广佛线,澜石
深圳,14号线/东部快线,石芽岭
上海,11号线(嘉定北-迪士尼),祁连山路
北京,14号线,九龙山
成都,10号线,双流机场1航站楼
杭州,8号线,冯娄村
广州,广佛线,世纪莲
深圳,14号线/东部快线,六约北
上海,11号线(嘉定北-迪士尼),李子园
北京,14号线,平乐园
成都,10号线,双流机场2航站楼
杭州,8号线,新湾路
广州,广佛线,东平
深圳,14号线/东部快线,四联
上海,11号线(嘉定北-迪士尼),上海西站
北京,14号线,北工大西门
成都,10号线,双流西站
杭州,9号线,龙安
广州,广佛线,新城东
深圳,14号线/东部快线,坳背
上海,11号线(嘉定北-迪士尼),真如
北京,14号线,十里河
成都,10号线,应天寺
杭州,9号线,五洲路
深圳,14号线/东部快线,大运
上海,11号线(嘉定北-迪士尼),枫桥路
北京,14号线,方庄
成都,10号线,黄水
杭州,9号线,荷禹路
深圳,14号线/东部快线,嶂背
上海,11号线(嘉定北-迪士尼),曹杨路
北京,14号线,蒲黄榆
成都,10号线,花源
杭州,9号线,邱山大街
深圳,14号线/东部快线,南约
上海,11号线(嘉定北-迪士尼),隆德路
北京,14号线,景泰
成都,10号线,新津站
杭州,9号线,临平
深圳,14号线/东部快线,宝龙
上海,11号线(嘉定北-迪士尼),江苏路
北京,14号线,永定门外
成都,10号线,花桥
杭州,9号线,南苑
深圳,14号线/东部快线,锦龙
上海,11号线(嘉定北-迪士尼),交通大学
北京,14号线,北京南站
成都,10号线,五津
杭州,9号线,临平南高铁站
深圳,14号线/东部快线,坪山围
上海,11号线(嘉定北-迪士尼),徐家汇
北京,14号线,景风门
成都,10号线,儒林路
杭州,9号线,翁梅
深圳,14号线/东部快线,坪山广场
上海,11号线(嘉定北-迪士尼),上海游泳馆
北京,14号线,西铁营
成都,10号线,刘家碾
杭州,9号线,乔司
深圳,14号线/东部快线,坪山中心
上海,11号线(嘉定北-迪士尼),龙华
北京,14号线,菜户营
成都,10号线,新平(宝墩)
杭州,9号线,乔司南
深圳,14号线/东部快线,坑梓
上海,11号线(嘉定北-迪士尼),云锦路
北京,14号线,丽泽商务区
成都,17号线,九江北
杭州,9号线,客运中心
深圳,14号线/东部快线,沙田
上海,11号线(嘉定北-迪士尼),龙耀路
北京,14号线,东管头
成都,17号线,白佛桥
杭州,9号线,九睦路
深圳,16号线/龙坪线,大运
上海,11号线(嘉定北-迪士尼),东方体育中心
北京,14号线,西局
成都,17号线,机投桥
杭州,9号线,红普南路
深圳,16号线/龙坪线,大运中心
上海,11号线(嘉定北-迪士尼),三林
北京,14号线,七里庄
成都,18号线,火车南站
杭州,9号线,六堡
深圳,16号线/龙坪线,龙城公园
上海,11号线(嘉定北-迪士尼),三林东
北京,14号线,大井
成都,18号线,孵化园
杭州,9号线,五堡
深圳,16号线/龙坪线,黄阁坑
上海,11号线(嘉定北-迪士尼),浦三路
北京,14号线,郭庄子
成都,18号线,锦城广场东
杭州,9号线,御道
深圳,16号线/龙坪线,愉园
上海,11号线(嘉定北-迪士尼),康恒路
北京,14号线,大瓦窑
成都,18号线,世纪城
杭州,9号线,三堡
深圳,16号线/龙坪线,回龙埔
上海,11号线(嘉定北-迪士尼),御桥
北京,14号线,园博园
成都,18号线,海昌路
杭州,9号线,江河汇
深圳,16号线/龙坪线,尚景
上海,11号线(嘉定北-迪士尼),罗山路
北京,14号线,张郭庄
成都,18号线,西博城
杭州,9号线,钱江路
深圳,16号线/龙坪线,盛平
上海,11号线(嘉定北-迪士尼),秀沿路
北京,15号线,俸伯
成都,18号线,兴隆
杭州,9号线,新业路
深圳,16号线/龙坪线,龙园
上海,11号线(嘉定北-迪士尼),康新公路
北京,15号线,顺义
成都,18号线,天府站
杭州,9号线,观音塘
深圳,16号线/龙坪线,双龙
上海,11号线(嘉定北-迪士尼),迪士尼
北京,15号线,石门
成都,18号线,三岔
杭州,10号线,逸盛路
深圳,16号线/龙坪线,新塘围
上海,11号线(花桥-迪士尼),迪士尼
北京,15号线,南法信
成都,18号线,福田
杭州,10号线,金德路
深圳,16号线/龙坪线,龙东
上海,11号线(花桥-迪士尼),康新公路
北京,15号线,后沙峪
成都,18号线,天府机场1号2号航站楼
杭州,10号线,杭行路
深圳,16号线/龙坪线,宝龙同乐
上海,11号线(花桥-迪士尼),秀沿路
北京,15号线,花梨坎
成都,18号线,天府机场北
杭州,10号线,祥园路
深圳,16号线/龙坪线,坪山
上海,11号线(花桥-迪士尼),罗山路
北京,15号线,国展
成都,19号线,天府机场北
杭州,10号线,渡驾桥
深圳,16号线/龙坪线,新和
上海,11号线(花桥-迪士尼),御桥
北京,15号线,孙河
成都,19号线,天府机场1号2号航站楼
杭州,10号线,花园岗
深圳,16号线/龙坪线,六和
上海,11号线(花桥-迪士尼),康恒路
北京,15号线,马泉营
成都,19号线,福田
杭州,10号线,和睦
深圳,16号线/龙坪线,坪山围
上海,11号线(花桥-迪士尼),浦三路
北京,15号线,崔各庄
成都,19号线,三岔
杭州,10号线,北大桥
深圳,16号线/龙坪线,坪环
上海,11号线(花桥-迪士尼),三林东
北京,15号线,望京东
成都,19号线,天府站
杭州,10号线,翠柏路
深圳,16号线/龙坪线,东纵纪念馆
上海,11号线(花桥-迪士尼),三林
北京,15号线,望京
成都,19号线,蓝家店
杭州,10号线,学院路
深圳,16号线/龙坪线,沙壆
上海,11号线(花桥-迪士尼),东方体育中心
北京,15号线,望京西
成都,19号线,天府商务区
杭州,10号线,文三路
深圳,16号线/龙坪线,燕子湖
上海,11号线(花桥-迪士尼),龙耀路
北京,15号线,关庄
成都,19号线,红莲
杭州,10号线,黄龙体育中心
深圳,16号线/龙坪线,石井
上海,11号线(花桥-迪士尼),云锦路
北京,15号线,大屯路东
成都,19号线,正兴湾
杭州,16号线,九州街
深圳,16号线/龙坪线,技术大学
上海,11号线(花桥-迪士尼),龙华
北京,15号线,安立路
成都,19号线,怡心湖
杭州,16号线,临安广场
深圳,16号线/龙坪线,田心
上海,11号线(花桥-迪士尼),上海游泳馆
北京,15号线,奥林匹克公园
成都,19号线,牧华路
杭州,16号线,农林大学
深圳,20号线,机场北
上海,11号线(花桥-迪士尼),徐家汇
北京,15号线,北沙滩
成都,19号线,温家山
杭州,16号线,青山湖
深圳,20号线,国展南
上海,11号线(花桥-迪士尼),交通大学
北京,15号线,六道口
成都,19号线,龙港
杭州,16号线,八百里
深圳,20号线,国展
上海,11号线(花桥-迪士尼),江苏路
北京,15号线,清华东路西口
成都,19号线,双流机场2航站楼东
杭州,16号线,青山湖科技城
深圳,20号线,国展北
上海,11号线(花桥-迪士尼),隆德路
北京,16号线,北安河
成都,19号线,龙桥路
杭州,16号线,南峰
深圳,20号线,会展城
上海,11号线(花桥-迪士尼),曹杨路
北京,16号线,温阳路
成都,19号线,九江北
杭州,16号线,南湖
上海,11号线(花桥-迪士尼),枫桥路
北京,16号线,稻香湖路
成都,19号线,明光
杭州,16号线,中泰
上海,11号线(花桥-迪士尼),真如
北京,16号线,屯佃
成都,19号线,温泉大道
杭州,16号线,禹航路
上海,11号线(花桥-迪士尼),上海西站
北京,16号线,永丰
成都,19号线,凤溪河
杭州,16号线,凤新路
上海,11号线(花桥-迪士尼),李子园
北京,16号线,永丰南
成都,19号线,市五医院
杭州,16号线,绿汀路
上海,11号线(花桥-迪士尼),祁连山路
北京,16号线,西北旺
成都,19号线,黄石
杭州,19号线,永盛路
上海,11号线(花桥-迪士尼),武威路
北京,16号线,马连洼
成都,19号线,金星
杭州,19号线,萧山国际机场
上海,11号线(花桥-迪士尼),桃浦新村
北京,16号线,农大南路
成都,27号线,蜀鑫路
杭州,19号线,知行路
上海,11号线(花桥-迪士尼),南翔
北京,16号线,西苑
成都,27号线,金沙滨河公园
杭州,19号线,耕文路
上海,11号线(花桥-迪士尼),陈翔公路
北京,16号线,万泉河桥
成都,27号线,黄忠
杭州,19号线,平澜路
上海,11号线(花桥-迪士尼),马陆
北京,16号线,苏州街
成都,27号线,羊犀立交
杭州,19号线,御道
上海,11号线(花桥-迪士尼),嘉定新城
北京,16号线,苏州桥
成都,27号线,金牛公园
杭州,19号线,火车东站(东广场)
上海,11号线(花桥-迪士尼),上海赛车场
北京,16号线,万寿寺
成都,27号线,花照壁北
杭州,19号线,驿城路
上海,11号线(花桥-迪士尼),昌吉东路
北京,16号线,国家图书馆
成都,27号线,金府
杭州,19号线,西湖文化广场
上海,11号线(花桥-迪士尼),上海汽车城
北京,16号线,二里沟
成都,27号线,新桥
杭州,19号线,沈塘桥
上海,11号线(花桥-迪士尼),安亭
北京,16号线,甘家口
成都,27号线,沙河源
杭州,19号线,文三路
上海,11号线(花桥-迪士尼),兆丰路
北京,16号线,玉渊潭东门
北京,16号线,木樨地
杭州,19号线,五联
上海,11号线(花桥-迪士尼),光明路
成都,27号线,洞子口
北京,16号线,达官营
杭州,19号线,西溪湿地北
上海,11号线(花桥-迪士尼),花桥
成都,27号线,王贾桥
北京,16号线,红莲南路
杭州,19号线,荆长路
上海,12号线,七莘路
成都,27号线,双水碾
北京,16号线,东管头南
杭州,19号线,海创园
上海,12号线,虹莘路
成都,27号线,韦家碾
北京,16号线,丰台站
杭州,19号线,创景路
上海,12号线,顾戴路
成都,27号线,赖家店
北京,16号线,丰台南路
杭州,19号线,火车西站
上海,12号线,东兰路
成都,27号线,鲤鱼湾
北京,16号线,富丰桥
杭州,杭海城际,临平南高铁站
上海,12号线,虹梅路
成都,27号线,范家巷
北京,16号线,看丹
杭州,杭海城际,许村
上海,12号线,虹漕路
成都,27号线,三圣寺
北京,16号线,榆树庄
杭州,杭海城际,海宁高铁西站
上海,12号线,桂林公园
成都,27号线,石门坎
北京,16号线,洪泰庄
杭州,杭海城际,长安(东方学院)
上海,12号线,漕宝路
成都,27号线,旃檀寺
北京,16号线,宛平城
杭州,杭海城际,长安东
上海,12号线,龙漕路
成都,27号线,兴城大道
北京,17号线,十里河
杭州,杭海城际,周王庙
上海,12号线,龙华
成都,27号线,慈义
北京,17号线,周家庄
杭州,杭海城际,盐官
上海,12号线,龙华中路
成都,27号线,石佛
北京,17号线,十八里店
杭州,杭海城际,桐九公路
上海,12号线,大木桥路
北京,17号线,北神树
杭州,杭海城际,斜桥
上海,12号线,嘉善路
北京,17号线,次渠北
杭州,杭海城际,皮革城
上海,12号线,陕西南路
北京,17号线,次渠
杭州,杭海城际,海昌路
上海,12号线,南京西路
北京,17号线,嘉会湖
杭州,杭海城际,浙大国际校区
上海,12号线,汉中路
北京,17号线北段,未来科学城北
上海,12号线,曲阜路
北京,17号线北段,未来科学城
上海,12号线,天潼路
北京,17号线北段,天通苑东
上海,12号线,国际客运中心
北京,17号线北段,清河营
上海,12号线,提篮桥
北京,17号线北段,红军营
上海,12号线,大连路
北京,17号线北段,太阳宫
上海,12号线,江浦公园
北京,17号线北段,西坝河
上海,12号线,宁国路
北京,17号线北段,左家庄
上海,12号线,隆昌路
北京,17号线北段,工人体育场
上海,12号线,爱国路
北京,19号线,新宫
上海,12号线,复兴岛
北京,19号线,新发地
上海,12号线,东陆路
北京,19号线,草桥
上海,12号线,巨峰路
北京,19号线,景风门
上海,12号线,杨高北路
北京,19号线,牛街
上海,12号线,金京路
北京,19号线,太平桥
上海,12号线,申江路
北京,19号线,平安里
上海,12号线,金海路
北京,19号线,积水潭
上海,13号线,金运路
北京,19号线,北太平庄
上海,13号线,金沙江西路
北京,19号线,牡丹园
上海,13号线,丰庄
北京,昌平线,昌平西山口
上海,13号线,祁连山南路
北京,昌平线,十三陵景区
上海,13号线,真北路
北京,昌平线,昌平
上海,13号线,大渡河路
北京,昌平线,昌平东关
上海,13号线,金沙江路
北京,昌平线,北邵洼
上海,13号线,隆德路
北京,昌平线,南邵
上海,13号线,武宁路
北京,昌平线,沙河高教园
上海,13号线,长寿路
北京,昌平线,沙河
上海,13号线,江宁路
北京,昌平线,巩华城
上海,13号线,汉中路
北京,昌平线,朱辛庄
上海,13号线,自然博物馆
北京,昌平线,生命科学园
上海,13号线,南京西路
北京,昌平线,西二旗
上海,13号线,淮海中路
北京,昌平线,清河站
上海,13号线,一大会址·新天地
北京,昌平线,朱房北
上海,13号线,马当路
北京,昌平线,清河小营桥
上海,13号线,世博会博物馆
北京,昌平线,学知园
上海,13号线,世博大道
北京,昌平线,六道口
上海,13号线,长清路
北京,昌平线,学院桥
上海,13号线,成山路
北京,昌平线,西土城
上海,13号线,东明路
北京,昌平线,蓟门桥
上海,13号线,华鹏路
北京,大兴国际机场线,草桥
上海,13号线,下南路
北京,大兴国际机场线,大兴新城
上海,13号线,北蔡
北京,大兴国际机场线,大兴机场
上海,13号线,陈春路
北京,房山线,阎村东
上海,13号线,莲溪路
北京,房山线,苏庄
上海,13号线,华夏中路
北京,房山线,良乡南关
上海,13号线,中科路
北京,房山线,良乡大学城西
上海,13号线,学林路
北京,房山线,良乡大学城
上海,13号线,张江路
北京,房山线,良乡大学城北
上海,14号线,封浜
北京,房山线,广阳城
上海,14号线,乐秀路
北京,房山线,篱笆房
上海,14号线,临洮路
北京,房山线,长阳
上海,14号线,嘉怡路
北京,房山线,稻田
上海,14号线,定边路
北京,房山线,大葆台
上海,14号线,真新新村
北京,房山线,郭公庄
上海,14号线,真光路
北京,房山线,白盆窑
上海,14号线,铜川路
北京,房山线,花乡东桥
上海,14号线,真如
北京,房山线,首经贸
上海,14号线,中宁路
北京,房山线,东管头南
上海,14号线,曹杨路
北京,首都机场线,3号航站楼
上海,14号线,武宁路
北京,首都机场线,2号航站楼
上海,14号线,武定路
北京,首都机场线,三元桥
上海,14号线,静安寺
北京,首都机场线,东直门
上海,14号线,一大会址·黄陂南路
北京,首都机场线,北新桥
上海,14号线,大世界
北京,西郊线,巴沟
上海,14号线,豫园
北京,西郊线,颐和园西门
上海,14号线,陆家嘴
北京,西郊线,茶棚
上海,14号线,浦东南路
北京,西郊线,万安
上海,14号线,浦东大道
北京,西郊线,国家植物园
上海,14号线,源深路
北京,西郊线,香山
上海,14号线,昌邑路
北京,燕房线,阎村东
上海,14号线,歇浦路
北京,燕房线,紫草坞
上海,14号线,云山路
北京,燕房线,阎村
上海,14号线,蓝天路
北京,燕房线,星城
上海,14号线,黄杨路
北京,燕房线,大石河东
上海,14号线,云顺路
北京,燕房线,马各庄
上海,14号线,浦东足球场
北京,燕房线,饶乐府
上海,14号线,金粤路
北京,燕房线,房山城关
上海,14号线,桂桥路
北京,燕房线,燕山
上海,15号线,顾村公园
北京,亦庄线,宋家庄
上海,15号线,锦秋路
北京,亦庄线,肖村
上海,15号线,丰翔路
北京,亦庄线,小红门
上海,15号线,南大路
北京,亦庄线,旧宫
上海,15号线,祁安路
北京,亦庄线,亦庄桥
上海,15号线,古浪路
北京,亦庄线,亦庄文化园
上海,15号线,武威东路
北京,亦庄线,万源街
上海,15号线,上海西站
北京,亦庄线,荣京东街
上海,15号线,铜川路
北京,亦庄线,荣昌东街
上海,15号线,梅岭北路
北京,亦庄线,同济南路
上海,15号线,大渡河路
北京,亦庄线,经海路
上海,15号线,长风公园
北京,亦庄线,次渠南
上海,15号线,娄山关路
北京,亦庄线,次渠
上海,15号线,红宝石路
北京,亦庄线,亦庄火车站
上海,15号线,姚虹路
上海,15号线,吴中路
上海,15号线,桂林路
上海,15号线,桂林公园
上海,15号线,上海南站
上海,15号线,华东理工大学
上海,15号线,罗秀路
上海,15号线,朱梅路
上海,15号线,景洪路(15号线)
上海,15号线,虹梅南路
上海,15号线,景西路
上海,15号线,曙建路
上海,15号线,双柏路
上海,15号线,元江路
上海,15号线,永德路
上海,15号线,紫竹高新区
上海,16号线,龙阳路
上海,16号线,华夏中路
上海,16号线,罗山路
上海,16号线,周浦东
上海,16号线,鹤沙航城
上海,16号线,航头东
上海,16号线,新场
上海,16号线,野生动物园
上海,16号线,惠南
上海,16号线,惠南东
上海,16号线,书院
上海,16号线,临港大道
上海,16号线,滴水湖
上海,17号线,虹桥火车站
上海,17号线,国家会展中心(17号线)
上海,17号线,蟠龙路
上海,17号线,徐盈路
上海,17号线,徐泾北城
上海,17号线,嘉松中路
上海,17号线,赵巷
上海,17号线,汇金路
上海,17号线,青浦新城
上海,17号线,漕盈路
上海,17号线,淀山湖大道
上海,17号线,朱家角
上海,17号线,东方绿舟
上海,17号线,西岑
上海,18号线,长江南路
上海,18号线,殷高路
上海,18号线,上海财经大学
上海,18号线,复旦大学
上海,18号线,国权路
上海,18号线,抚顺路
上海,18号线,江浦路
上海,18号线,江浦公园
上海,18号线,平凉路
上海,18号线,丹阳路
上海,18号线,昌邑路
上海,18号线,民生路
上海,18号线,杨高中路
上海,18号线,迎春路
上海,18号线,龙阳路
上海,18号线,芳芯路
上海,18号线,北中路
上海,18号线,莲溪路
上海,18号线,御桥
上海,18号线,康桥
上海,18号线,周浦
上海,18号线,繁荣路
上海,18号线,沈梅路
上海,18号线,鹤涛路
上海,18号线,下沙
上海,18号线,航头
上海,磁悬浮,浦东1号2号航站楼
上海,磁悬浮,龙阳路
上海,浦江线,沈杜公路
上海,浦江线,三鲁公路
上海,浦江线,闵瑞路
上海,浦江线,浦航路
上海,浦江线,东城一路
上海,浦江线,汇臻路
